competitor,competitor_product,vos_product,vos_url,variant_type,missing_variant,vos_status,vos_closest_variant,competitor_price,competitor_url,match_confidence
vampirevape.co.uk,elfbar elfa pro prefilled pods - 20mg - 2pk,Elfa Pro 20Mg Prefilled Pods,https://vapeonlinestore.co.uk/products/apple-peach-elfa-pro-prefilled-pods,flavour,cola,not listed on VOS,,4.99,https://www.vampirevape.co.uk/elfbar-elfa-pro-prefilled-pods-20mg-2pk,high
vampirevape.co.uk,Freemax Fireluke 3 Tank,Freemax - Fireluke 3 - Tank,https://vapeonlinestore.co.uk/products/freemax-fireluke-3-tank,colour,resin black,not listed on VOS,,10.99,https://www.vampirevape.co.uk/freemax-fireluke-3-tank-resin-black,high
vampirevape.co.uk,Freemax Fireluke 3 Tank,Freemax - Fireluke 3 - Tank,https://vapeonlinestore.co.uk/products/freemax-fireluke-3-tank,colour,resin yellow,not listed on VOS,,10.99,https://www.vampirevape.co.uk/freemax-fireluke-3-tank-resin-yellow,high
vampirevape.co.uk,hayati pro max plus prefilled vape kit,Hayati Pro Max Plus 6000 Prefilled Pods Kit,https://vapeonlinestore.co.uk/products/hayati-pro-max-plus-6000,flavour,blackberry ice,not listed on VOS,,6.49,https://www.vampirevape.co.uk/hayati-pro-max-plus-prefilled-vape-kit,medium
vampirevape.co.uk,hayati pro max plus prefilled pod & refill,Hayati Pro Max Plus 6000 Replacement Refill Pods,https://vapeonlinestore.co.uk/products/hayati-pro-max-plus-6000-replacement-pods,flavour,h bubba,not listed on VOS,,6.99,https://www.vampirevape.co.uk/hayati-pro-max-plus-prefilled-pod-refill,medium
vampirevape.co.uk,hayati pro max plus prefilled pod & refill,Hayati Pro Max Plus 6000 Replacement Refill Pods,https://vapeonlinestore.co.uk/products/hayati-pro-max-plus-6000-replacement-pods,flavour,strawberry h bubba,not listed on VOS,,6.99,https://www.vampirevape.co.uk/hayati-pro-max-plus-prefilled-pod-refill,medium
vampirevape.co.uk,hayati pro ultra 25k prefilled vape kit,Hayati Pro Ultra Plus 25000 Prefilled Pods Kit,https://vapeonlinestore.co.uk/products/hayati-pro-ultra,flavour,blackcurrant cotton k,not listed on VOS,,7.99,https://www.vampirevape.co.uk/hayati-pro-ultra-25k-prefilled-kit,high
vampirevape.co.uk,lost mary bm600 prefilled vape kit,Lost Mary Bm600 Prefilled Reusable Pod Kit,https://vapeonlinestore.co.uk/products/lost-mary-bm600-disposable-vape,flavour,blue raspberry lemonade,not listed on VOS,,3.99,https://www.vampirevape.co.uk/lost-mary-bm600-prefilled-vape-kit-20mg,high
vampirevape.co.uk,lost mary bm600 prefilled vape kit,Lost Mary Bm600 Prefilled Reusable Pod Kit,https://vapeonlinestore.co.uk/products/lost-mary-bm600-disposable-vape,flavour,fizzy cherry,not listed on VOS,,3.99,https://www.vampirevape.co.uk/lost-mary-bm600-prefilled-vape-kit-20mg,high
vampirevape.co.uk,lost mary bm600 prefilled vape kit,Lost Mary Bm600 Prefilled Reusable Pod Kit,https://vapeonlinestore.co.uk/products/lost-mary-bm600-disposable-vape,flavour,fizzy pineapple,not listed on VOS,,3.99,https://www.vampirevape.co.uk/lost-mary-bm600-prefilled-vape-kit-20mg,high
vampirevape.co.uk,lost mary bm600 prefilled vape kit,Lost Mary Bm600 Prefilled Reusable Pod Kit,https://vapeonlinestore.co.uk/products/lost-mary-bm600-disposable-vape,flavour,guava ice,not listed on VOS,,3.99,https://www.vampirevape.co.uk/lost-mary-bm600-prefilled-vape-kit-20mg,high
vampirevape.co.uk,lost mary bm600 prefilled vape kit,Lost Mary Bm600 Prefilled Reusable Pod Kit,https://vapeonlinestore.co.uk/products/lost-mary-bm600-disposable-vape,flavour,mint tobacco,not listed on VOS,,3.99,https://www.vampirevape.co.uk/lost-mary-bm600-prefilled-vape-kit-20mg,high
vampirevape.co.uk,lost mary bm600 prefilled vape kit,Lost Mary Bm600 Prefilled Reusable Pod Kit,https://vapeonlinestore.co.uk/products/lost-mary-bm600-disposable-vape,flavour,p b cloudd,not listed on VOS,,3.99,https://www.vampirevape.co.uk/lost-mary-bm600-prefilled-vape-kit-20mg,high
vampirevape.co.uk,lost mary bm600 prefilled vape kit,Lost Mary Bm600 Prefilled Reusable Pod Kit,https://vapeonlinestore.co.uk/products/lost-mary-bm600-disposable-vape,flavour,strawberry raspberry cherry,not listed on VOS,,3.99,https://www.vampirevape.co.uk/lost-mary-bm600-prefilled-vape-kit-20mg,high
vampirevape.co.uk,Lost Mary Bm6000 Prefilled Vape Kit,Lost Mary Bm6000 Prefilled Pods Vape Kit,https://vapeonlinestore.co.uk/products/triple-mango-lost-mary-bm6000,flavour,acai berry blueberry,not listed on VOS,,6.49,https://www.vampirevape.co.uk/lost-mary-bm6000-prefilled-vape-kit,high
vampirevape.co.uk,Lost Mary Bm6000 Prefilled Vape Kit,Lost Mary Bm6000 Prefilled Pods Vape Kit,https://vapeonlinestore.co.uk/products/triple-mango-lost-mary-bm6000,flavour,blue raspberry cherry,not listed on VOS,,6.49,https://www.vampirevape.co.uk/lost-mary-bm6000-prefilled-vape-kit,high
vampirevape.co.uk,Lost Mary Bm6000 Prefilled Pods 20Mg,Lost Mary Bm6000 Refill Pods,https://vapeonlinestore.co.uk/products/lost-mary-bm6000-prefilled-replacement-pods,flavour,blackcurrant lemonade,not listed on VOS,,6.49,https://www.vampirevape.co.uk/lost-mary-bm6000-prefilled-pod-1pk,high
vampirevape.co.uk,Lost Mary Bm6000 Prefilled Pods 20Mg,Lost Mary Bm6000 Refill Pods,https://vapeonlinestore.co.uk/products/lost-mary-bm6000-prefilled-replacement-pods,flavour,cherry berry,not listed on VOS,,6.49,https://www.vampirevape.co.uk/lost-mary-bm6000-prefilled-pod-1pk,high
vampirevape.co.uk,Lost Mary Bm6000 Prefilled Pods 20Mg,Lost Mary Bm6000 Refill Pods,https://vapeonlinestore.co.uk/products/lost-mary-bm6000-prefilled-replacement-pods,flavour,fruit medley,not listed on VOS,,6.49,https://www.vampirevape.co.uk/lost-mary-bm6000-prefilled-pod-1pk,high
vampirevape.co.uk,Lost Mary Bm6000 Prefilled Pods 20Mg,Lost Mary Bm6000 Refill Pods,https://vapeonlinestore.co.uk/products/lost-mary-bm6000-prefilled-replacement-pods,flavour,kiwi passion guava,not listed on VOS,,6.49,https://www.vampirevape.co.uk/lost-mary-bm6000-prefilled-pod-1pk,high
vampirevape.co.uk,Lost Mary Bm6000 Prefilled Pods 20Mg,Lost Mary Bm6000 Refill Pods,https://vapeonlinestore.co.uk/products/lost-mary-bm6000-prefilled-replacement-pods,flavour,latte,not listed on VOS,,6.49,https://www.vampirevape.co.uk/lost-mary-bm6000-prefilled-pod-1pk,high
vampirevape.co.uk,Lost Mary Bm6000 Prefilled Pods 20Mg,Lost Mary Bm6000 Refill Pods,https://vapeonlinestore.co.uk/products/lost-mary-bm6000-prefilled-replacement-pods,flavour,miami mint,listed on VOS but out of stock,miami mint,6.49,https://www.vampirevape.co.uk/lost-mary-bm6000-prefilled-pod-1pk,high
vampirevape.co.uk,Refill Pods,Refill Pods,https://vapeonlinestore.co.uk/products/smok-tech247-replacement-pods,flavour,smok247 empty,not listed on VOS,,3.69,https://www.vampirevape.co.uk/smok-tech247-empty-replacement-pod-2pk,high
vampirevape.co.uk,Smok Propod Gt Kit,Smok Propod Pod Vape Kit,https://vapeonlinestore.co.uk/products/smok-propod-pod-kit,colour,peacock green,not listed on VOS,,12.99,https://www.vampirevape.co.uk/smok-propod-gt-kit-peacock-green,medium
vampirevape.co.uk,uwell valyrian iii coils - 2pk,Valyrian Coils By Uwell,https://vapeonlinestore.co.uk/products/valyrian-coils-2-pack-by-uwell,resistance,uwell valyrian iii 0.14ohm,not listed on VOS,,7.99,https://www.vampirevape.co.uk/uwell-valyrian-iii-coils-2pk,medium
vampirevape.co.uk,Freebase Vape Juice 10Ml Vampire Vape,Vampire Vape 10Ml E-Liquid,https://vapeonlinestore.co.uk/products/pack-of-10-vampire-vape-10ml-e-liquid,flavour,all day grape,not listed on VOS,,3.99,https://www.vampirevape.co.uk/vampire-vape-all-day-grape-10ml-e-liquid,high
vampirevape.co.uk,Freebase Vape Juice 10Ml Vampire Vape,Vampire Vape 10Ml E-Liquid,https://vapeonlinestore.co.uk/products/pack-of-10-vampire-vape-10ml-e-liquid,flavour,bat,not listed on VOS,,3.99,https://www.vampirevape.co.uk/vampire-vape-bat-juice-10ml-e-liquid,high
vampirevape.co.uk,Freebase Vape Juice 10Ml Vampire Vape,Vampire Vape 10Ml E-Liquid,https://vapeonlinestore.co.uk/products/pack-of-10-vampire-vape-10ml-e-liquid,flavour,caramel latte,not listed on VOS,,3.99,https://www.vampirevape.co.uk/vampire-vape-caramel-latte-10ml-e-liquid,high
vampirevape.co.uk,Freebase Vape Juice 10Ml Vampire Vape,Vampire Vape 10Ml E-Liquid,https://vapeonlinestore.co.uk/products/pack-of-10-vampire-vape-10ml-e-liquid,flavour,caramelised banana pancake,not listed on VOS,,3.99,https://www.vampirevape.co.uk/vampire-vape-caramelised-banana-pancake-10ml-e-liquid,high
vampirevape.co.uk,Freebase Vape Juice 10Ml Vampire Vape,Vampire Vape 10Ml E-Liquid,https://vapeonlinestore.co.uk/products/pack-of-10-vampire-vape-10ml-e-liquid,flavour,caribbean ice,not listed on VOS,,3.99,https://www.vampirevape.co.uk/vampire-vape-caribbean-ice-10ml-e-liquid,high
vampirevape.co.uk,Freebase Vape Juice 10Ml Vampire Vape,Vampire Vape 10Ml E-Liquid,https://vapeonlinestore.co.uk/products/pack-of-10-vampire-vape-10ml-e-liquid,flavour,catapult,not listed on VOS,,3.99,https://www.vampirevape.co.uk/vampire-vape-catapult-10ml-e-liquid,high
vampirevape.co.uk,Nic Salt Vape Juice 10Ml Vampire Vape,Vampire Vape 10Ml E-Liquid,https://vapeonlinestore.co.uk/products/pack-of-10-vampire-vape-10ml-e-liquid,flavour,catapult,not listed on VOS,,3.99,https://www.vampirevape.co.uk/vampire-vape-nic-salt-catapult-10ml-e-liquid,high
vampirevape.co.uk,Freebase Vape Juice 10Ml Vampire Vape,Vampire Vape 10Ml E-Liquid,https://vapeonlinestore.co.uk/products/pack-of-10-vampire-vape-10ml-e-liquid,flavour,cherry breeze,not listed on VOS,,3.99,https://www.vampirevape.co.uk/vampire-vape-cherry-breeze-10ml-e-liquid,high
vampirevape.co.uk,Freebase Vape Juice 10Ml Vampire Vape,Vampire Vape 10Ml E-Liquid,https://vapeonlinestore.co.uk/products/pack-of-10-vampire-vape-10ml-e-liquid,flavour,cherry tobacco,not listed on VOS,,3.99,https://www.vampirevape.co.uk/vampire-vape-cherry-tobacco-10ml-e-liquid,high
vampirevape.co.uk,Nic Salt Vape Juice 10Ml Vampire Vape,Vampire Vape 10Ml E-Liquid,https://vapeonlinestore.co.uk/products/pack-of-10-vampire-vape-10ml-e-liquid,flavour,cherry tobacco,not listed on VOS,,3.99,https://www.vampirevape.co.uk/vampire-vape-nic-salt-cherry-tobacco-10ml-e-liquid,high
vampirevape.co.uk,Freebase Vape Juice 10Ml Vampire Vape,Vampire Vape 10Ml E-Liquid,https://vapeonlinestore.co.uk/products/pack-of-10-vampire-vape-10ml-e-liquid,flavour,cola,not listed on VOS,,3.99,https://www.vampirevape.co.uk/vampire-vape-cola-10ml-e-liquid,high
vampirevape.co.uk,Freebase Vape Juice 10Ml Vampire Vape,Vampire Vape 10Ml E-Liquid,https://vapeonlinestore.co.uk/products/pack-of-10-vampire-vape-10ml-e-liquid,flavour,heisenberg,not listed on VOS,,3.99,https://www.vampirevape.co.uk/vampire-vape-heisenberg-10ml-e-liquid,high
vampirevape.co.uk,Nic Salt Vape Juice 10Ml Vampire Vape,Vampire Vape 10Ml E-Liquid,https://vapeonlinestore.co.uk/products/pack-of-10-vampire-vape-10ml-e-liquid,flavour,heisenberg,not listed on VOS,,3.99,https://www.vampirevape.co.uk/vampire-vape-nic-salt-heisenberg-10ml-e-liquid,high
vampirevape.co.uk,Freebase Vape Juice 10Ml Vampire Vape,Vampire Vape 10Ml E-Liquid,https://vapeonlinestore.co.uk/products/pack-of-10-vampire-vape-10ml-e-liquid,flavour,heisenberg cola,not listed on VOS,,3.99,https://www.vampirevape.co.uk/vampire-vape-heisenberg-cola-10ml-e-liquid,high
vampirevape.co.uk,Nic Salt Vape Juice 10Ml Vampire Vape,Vampire Vape 10Ml E-Liquid,https://vapeonlinestore.co.uk/products/pack-of-10-vampire-vape-10ml-e-liquid,flavour,heisenberg cola,not listed on VOS,,3.99,https://www.vampirevape.co.uk/vampire-vape-nic-salt-heisenberg-cola-10ml-e-liquid,high
vampirevape.co.uk,Freebase Vape Juice 10Ml Vampire Vape,Vampire Vape 10Ml E-Liquid,https://vapeonlinestore.co.uk/products/pack-of-10-vampire-vape-10ml-e-liquid,flavour,heisenberg grape,not listed on VOS,,3.99,https://www.vampirevape.co.uk/vampire-vape-heisenberg-grape-10ml-e-liquid,high
vampirevape.co.uk,Nic Salt Vape Juice 10Ml Vampire Vape,Vampire Vape 10Ml E-Liquid,https://vapeonlinestore.co.uk/products/pack-of-10-vampire-vape-10ml-e-liquid,flavour,heisenberg grape,not listed on VOS,,3.99,https://www.vampirevape.co.uk/vampire-vape-nic-salt-heisenberg-grape-10ml-e-liquid,high
vampirevape.co.uk,Freebase Vape Juice 10Ml Vampire Vape,Vampire Vape 10Ml E-Liquid,https://vapeonlinestore.co.uk/products/pack-of-10-vampire-vape-10ml-e-liquid,flavour,heisenberg gum,not listed on VOS,,3.99,https://www.vampirevape.co.uk/vampire-vape-heisenberg-gum-10ml-e-liquid,high
vampirevape.co.uk,Nic Salt Vape Juice 10Ml Vampire Vape,Vampire Vape 10Ml E-Liquid,https://vapeonlinestore.co.uk/products/pack-of-10-vampire-vape-10ml-e-liquid,flavour,heisenberg gum,not listed on VOS,,3.99,https://www.vampirevape.co.uk/vampire-vape-nic-salt-heisenberg-gum-10ml-e-liquid,high
vampirevape.co.uk,Freebase Vape Juice 10Ml Vampire Vape,Vampire Vape 10Ml E-Liquid,https://vapeonlinestore.co.uk/products/pack-of-10-vampire-vape-10ml-e-liquid,flavour,heisenberg orange,not listed on VOS,,3.99,https://www.vampirevape.co.uk/vampire-vape-heisenberg-orange-10ml-e-liquid,high
vampirevape.co.uk,Nic Salt Vape Juice 10Ml Vampire Vape,Vampire Vape 10Ml E-Liquid,https://vapeonlinestore.co.uk/products/pack-of-10-vampire-vape-10ml-e-liquid,flavour,heisenberg orange,not listed on VOS,,3.99,https://www.vampirevape.co.uk/vampire-vape-nic-salt-heisenberg-orange-10ml-e-liquid,high
vampirevape.co.uk,Freebase Vape Juice 10Ml Vampire Vape,Vampire Vape 10Ml E-Liquid,https://vapeonlinestore.co.uk/products/pack-of-10-vampire-vape-10ml-e-liquid,flavour,highland brew,not listed on VOS,,3.99,https://www.vampirevape.co.uk/vampire-vape-highland-brew-10ml-e-liquid,high
vampirevape.co.uk,Freebase Vape Juice 10Ml Vampire Vape,Vampire Vape 10Ml E-Liquid,https://vapeonlinestore.co.uk/products/pack-of-10-vampire-vape-10ml-e-liquid,flavour,kiwi cooler,not listed on VOS,,3.99,https://www.vampirevape.co.uk/vampire-vape-kiwi-cooler-10ml-vape-e-liquid,high
vampirevape.co.uk,Nic Salt Vape Juice 10Ml Vampire Vape,Vampire Vape 10Ml E-Liquid,https://vapeonlinestore.co.uk/products/pack-of-10-vampire-vape-10ml-e-liquid,flavour,kiwi cooler,not listed on VOS,,3.99,https://www.vampirevape.co.uk/vampire-vape-kiwi-cooler-10ml-e-liquid,high
vampirevape.co.uk,Freebase Vape Juice 10Ml Vampire Vape,Vampire Vape 10Ml E-Liquid,https://vapeonlinestore.co.uk/products/pack-of-10-vampire-vape-10ml-e-liquid,flavour,mango paradise,not listed on VOS,,3.99,https://www.vampirevape.co.uk/vampire-vape-mango-paradise-20ml-e-liquid,high
vampirevape.co.uk,Nic Salt Vape Juice 10Ml Vampire Vape,Vampire Vape 10Ml E-Liquid,https://vapeonlinestore.co.uk/products/pack-of-10-vampire-vape-10ml-e-liquid,flavour,mango paradise,not listed on VOS,,3.99,https://www.vampirevape.co.uk/vampire-vape-nic-salt-mango-paradise-10ml-e-liquid,high
vampirevape.co.uk,Freebase Vape Juice 10Ml Vampire Vape,Vampire Vape 10Ml E-Liquid,https://vapeonlinestore.co.uk/products/pack-of-10-vampire-vape-10ml-e-liquid,flavour,menthol tobacco,not listed on VOS,,3.99,https://www.vampirevape.co.uk/vampire-vape-menthol-tobacco-10ml-e-liquid,high
vampirevape.co.uk,10Ml E-Liquid,Vampire Vape 10Ml E-Liquid,https://vapeonlinestore.co.uk/products/pack-of-10-vampire-vape-10ml-e-liquid,flavour,nicit up,not listed on VOS,,2.0,https://www.vampirevape.co.uk/nicit-up-10ml-e-liquid,low
vampirevape.co.uk,Freebase Vape Juice 10Ml Vampire Vape,Vampire Vape 10Ml E-Liquid,https://vapeonlinestore.co.uk/products/pack-of-10-vampire-vape-10ml-e-liquid,flavour,orange soda,not listed on VOS,,3.99,https://www.vampirevape.co.uk/vampire-vape-orange-soda-10ml-e-liquid,high
vampirevape.co.uk,Freebase Vape Juice 10Ml Vampire Vape,Vampire Vape 10Ml E-Liquid,https://vapeonlinestore.co.uk/products/pack-of-10-vampire-vape-10ml-e-liquid,flavour,passion fruit splash,not listed on VOS,,3.99,https://www.vampirevape.co.uk/passionfruit-splash-10ml-e-liquid,high
vampirevape.co.uk,Nic Salt Vape Juice 10Ml Vampire Vape,Vampire Vape 10Ml E-Liquid,https://vapeonlinestore.co.uk/products/pack-of-10-vampire-vape-10ml-e-liquid,flavour,passion fruit splash,not listed on VOS,,3.99,https://www.vampirevape.co.uk/vampire-vape-passionfruit-splash-10ml-e-liquid,high
vampirevape.co.uk,Freebase Vape Juice 10Ml Vampire Vape,Vampire Vape 10Ml E-Liquid,https://vapeonlinestore.co.uk/products/pack-of-10-vampire-vape-10ml-e-liquid,flavour,pear drops,not listed on VOS,,3.99,https://www.vampirevape.co.uk/vampire-vape-pear-drops-10ml-e-liquid,high
vampirevape.co.uk,Freebase Vape Juice 10Ml Vampire Vape,Vampire Vape 10Ml E-Liquid,https://vapeonlinestore.co.uk/products/pack-of-10-vampire-vape-10ml-e-liquid,flavour,pineapple dream,not listed on VOS,,3.99,https://www.vampirevape.co.uk/vampire-vape-pineapple-dream-10ml-vape-e-liquid,high
vampirevape.co.uk,Nic Salt Vape Juice 10Ml Vampire Vape,Vampire Vape 10Ml E-Liquid,https://vapeonlinestore.co.uk/products/pack-of-10-vampire-vape-10ml-e-liquid,flavour,pineapple dream,not listed on VOS,,3.99,https://www.vampirevape.co.uk/vampire-vape-pineapple-dream-10ml-nic-salt-e-liquid,high
vampirevape.co.uk,Freebase Vape Juice 10Ml Vampire Vape,Vampire Vape 10Ml E-Liquid,https://vapeonlinestore.co.uk/products/pack-of-10-vampire-vape-10ml-e-liquid,flavour,pineapple grapefruit fizz,not listed on VOS,,3.99,https://www.vampirevape.co.uk/vampire-vape-pineapple-grapefruit-fizz-10ml-e-liquid,high
vampirevape.co.uk,Freebase Vape Juice 10Ml Vampire Vape,Vampire Vape 10Ml E-Liquid,https://vapeonlinestore.co.uk/products/pack-of-10-vampire-vape-10ml-e-liquid,flavour,pinkman,not listed on VOS,,3.99,https://www.vampirevape.co.uk/vampire-vape-pinkman-10ml-e-liquid,high
vampirevape.co.uk,Nic Salt Vape Juice 10Ml Vampire Vape,Vampire Vape 10Ml E-Liquid,https://vapeonlinestore.co.uk/products/pack-of-10-vampire-vape-10ml-e-liquid,flavour,pinkman,not listed on VOS,,3.99,https://www.vampirevape.co.uk/vampire-vape-nic-salt-pinkman-10ml-e-liquid,high
vampirevape.co.uk,Freebase Vape Juice 10Ml Vampire Vape,Vampire Vape 10Ml E-Liquid,https://vapeonlinestore.co.uk/products/pack-of-10-vampire-vape-10ml-e-liquid,flavour,pinkman apple,not listed on VOS,,3.99,https://www.vampirevape.co.uk/vampire-vape-pinkman-apple-10ml-e-liquid,high
vampirevape.co.uk,Nic Salt Vape Juice 10Ml Vampire Vape,Vampire Vape 10Ml E-Liquid,https://vapeonlinestore.co.uk/products/pack-of-10-vampire-vape-10ml-e-liquid,flavour,pinkman apple,not listed on VOS,,3.99,https://www.vampirevape.co.uk/vampire-vape-nic-salt-pinkman-apple-10ml-e-liquid,high
vampirevape.co.uk,Freebase Vape Juice 10Ml Vampire Vape,Vampire Vape 10Ml E-Liquid,https://vapeonlinestore.co.uk/products/pack-of-10-vampire-vape-10ml-e-liquid,flavour,pinkman blue raspberry,not listed on VOS,,3.99,https://www.vampirevape.co.uk/vampire-vape-pinkman-blue-razz-10ml-e-liquid,high
vampirevape.co.uk,Nic Salt Vape Juice 10Ml Vampire Vape,Vampire Vape 10Ml E-Liquid,https://vapeonlinestore.co.uk/products/pack-of-10-vampire-vape-10ml-e-liquid,flavour,pinkman blue raspberry,not listed on VOS,,3.99,https://www.vampirevape.co.uk/vampire-vape-nic-salt-pinkman-blue-razz-10ml-e-liquid,high
vampirevape.co.uk,Freebase Vape Juice 10Ml Vampire Vape,Vampire Vape 10Ml E-Liquid,https://vapeonlinestore.co.uk/products/pack-of-10-vampire-vape-10ml-e-liquid,flavour,pinkman cherry,not listed on VOS,,3.99,https://www.vampirevape.co.uk/vampire-vape-pinkman-cherry-10ml-e-liquid,high
vampirevape.co.uk,Nic Salt Vape Juice 10Ml Vampire Vape,Vampire Vape 10Ml E-Liquid,https://vapeonlinestore.co.uk/products/pack-of-10-vampire-vape-10ml-e-liquid,flavour,pinkman cherry,not listed on VOS,,3.99,https://www.vampirevape.co.uk/vampire-vape-nic-salt-pinkman-cherry-10ml-e-liquid,high
vampirevape.co.uk,Freebase Vape Juice 10Ml Vampire Vape,Vampire Vape 10Ml E-Liquid,https://vapeonlinestore.co.uk/products/pack-of-10-vampire-vape-10ml-e-liquid,flavour,pinkman ice,not listed on VOS,,3.99,https://www.vampirevape.co.uk/vampire-vape-pinkman-ice-10ml-e-liquid,high
vampirevape.co.uk,Freebase Vape Juice 10Ml Vampire Vape,Vampire Vape 10Ml E-Liquid,https://vapeonlinestore.co.uk/products/pack-of-10-vampire-vape-10ml-e-liquid,flavour,pinkman watermelon,not listed on VOS,,3.99,https://www.vampirevape.co.uk/vampire-vape-pinkman-watermelon-10ml-e-liquid,high
vampirevape.co.uk,Nic Salt Vape Juice 10Ml Vampire Vape,Vampire Vape 10Ml E-Liquid,https://vapeonlinestore.co.uk/products/pack-of-10-vampire-vape-10ml-e-liquid,flavour,pinkman watermelon,not listed on VOS,,3.99,https://www.vampirevape.co.uk/vampire-vape-nic-salt-pinkman-watermelon-10ml-e-liquid,high
vampirevape.co.uk,Freebase Vape Juice 10Ml Vampire Vape,Vampire Vape 10Ml E-Liquid,https://vapeonlinestore.co.uk/products/pack-of-10-vampire-vape-10ml-e-liquid,flavour,pistachio milkshake,not listed on VOS,,3.99,https://www.vampirevape.co.uk/vampire-vape-pistachio-milkshake-10ml-e-liquid,high
vampirevape.co.uk,Freebase Vape Juice 10Ml Vampire Vape,Vampire Vape 10Ml E-Liquid,https://vapeonlinestore.co.uk/products/pack-of-10-vampire-vape-10ml-e-liquid,flavour,purple craze,not listed on VOS,,3.99,https://www.vampirevape.co.uk/vampire-vape-purple-craze-10ml-e-liquid,high
vampirevape.co.uk,Nic Salt Vape Juice 10Ml Vampire Vape,Vampire Vape 10Ml E-Liquid,https://vapeonlinestore.co.uk/products/pack-of-10-vampire-vape-10ml-e-liquid,flavour,purple craze,not listed on VOS,,3.99,https://www.vampirevape.co.uk/vampire-vape-nic-salt-purple-craze-10ml-e-liquid,high
vampirevape.co.uk,Freebase Vape Juice 10Ml Vampire Vape,Vampire Vape 10Ml E-Liquid,https://vapeonlinestore.co.uk/products/pack-of-10-vampire-vape-10ml-e-liquid,flavour,purple craze ice,not listed on VOS,,3.99,https://www.vampirevape.co.uk/vampire-vape-purple-craze-ice-10ml-e-liquid,high
vampirevape.co.uk,Nic Salt Vape Juice 10Ml Vampire Vape,Vampire Vape 10Ml E-Liquid,https://vapeonlinestore.co.uk/products/pack-of-10-vampire-vape-10ml-e-liquid,flavour,purple craze ice,not listed on VOS,,3.99,https://www.vampirevape.co.uk/vampire-vape-nic-salt-purple-craze-ice-10ml-e-liquid,high
vampirevape.co.uk,Freebase Vape Juice 10Ml Vampire Vape,Vampire Vape 10Ml E-Liquid,https://vapeonlinestore.co.uk/products/pack-of-10-vampire-vape-10ml-e-liquid,flavour,raspberry ripple ice cream,not listed on VOS,,3.99,https://www.vampirevape.co.uk/vampire-vape-raspberry-ripple-ice-cream-10ml-e-liquid,high
vampirevape.co.uk,Freebase Vape Juice 10Ml Vampire Vape,Vampire Vape 10Ml E-Liquid,https://vapeonlinestore.co.uk/products/pack-of-10-vampire-vape-10ml-e-liquid,flavour,rhubarb crumble,not listed on VOS,,3.99,https://www.vampirevape.co.uk/vampire-vape-rhubarb-crumble-10ml-e-liquid,high
vampirevape.co.uk,Freebase Vape Juice 10Ml Vampire Vape,Vampire Vape 10Ml E-Liquid,https://vapeonlinestore.co.uk/products/pack-of-10-vampire-vape-10ml-e-liquid,flavour,rum tobacco,not listed on VOS,,3.99,https://www.vampirevape.co.uk/vampire-vape-rum-tobacco-10ml-e-liquid,high
vampirevape.co.uk,Nic Salt Vape Juice 10Ml Vampire Vape,Vampire Vape 10Ml E-Liquid,https://vapeonlinestore.co.uk/products/pack-of-10-vampire-vape-10ml-e-liquid,flavour,rum tobacco,not listed on VOS,,3.99,https://www.vampirevape.co.uk/vampire-vape-nic-salt-rum-tobacco-10ml-e-liquid,high
vampirevape.co.uk,Freebase Vape Juice 10Ml Vampire Vape,Vampire Vape 10Ml E-Liquid,https://vapeonlinestore.co.uk/products/pack-of-10-vampire-vape-10ml-e-liquid,flavour,strawberry burst,not listed on VOS,,3.99,https://www.vampirevape.co.uk/vampire-vape-strawberry-burst-10ml-e-liquid,high
vampirevape.co.uk,Freebase Vape Juice 10Ml Vampire Vape,Vampire Vape 10Ml E-Liquid,https://vapeonlinestore.co.uk/products/pack-of-10-vampire-vape-10ml-e-liquid,flavour,tropical tsunami,not listed on VOS,,3.99,https://www.vampirevape.co.uk/vampire-vape-tropical-tsunami-10ml-e-liquid,high
vampirevape.co.uk,Freebase Vape Juice 10Ml Vampire Vape,Vampire Vape 10Ml E-Liquid,https://vapeonlinestore.co.uk/products/pack-of-10-vampire-vape-10ml-e-liquid,flavour,vamp toes,not listed on VOS,,3.99,https://www.vampirevape.co.uk/vampire-vape-vamp-toes-10ml-e-liquid,high
vampirevape.co.uk,Nic Salt Vape Juice 10Ml Vampire Vape,Vampire Vape 10Ml E-Liquid,https://vapeonlinestore.co.uk/products/pack-of-10-vampire-vape-10ml-e-liquid,flavour,vamp toes,not listed on VOS,,3.99,https://www.vampirevape.co.uk/vampire-vape-nic-salt-vamp-toes-10ml-e-liquid,high
vampirevape.co.uk,Freebase Vape Juice 10Ml Vampire Vape,Vampire Vape 10Ml E-Liquid,https://vapeonlinestore.co.uk/products/pack-of-10-vampire-vape-10ml-e-liquid,flavour,vanilla cappuccino tobacco,not listed on VOS,,3.99,https://www.vampirevape.co.uk/vampire-vape-vanilla-cappuccino-tobacco-10ml-e-liquid,high
vampirevape.co.uk,Nic Salt Vape Juice 10Ml Vampire Vape,Vampire Vape 10Ml E-Liquid,https://vapeonlinestore.co.uk/products/pack-of-10-vampire-vape-10ml-e-liquid,flavour,vanilla cappuccino tobacco,not listed on VOS,,3.99,https://www.vampirevape.co.uk/vampire-vape-nic-salt-vanilla-cappuccino-tobacco-10ml-e-liquid,high
vampirevape.co.uk,Freebase Vape Juice 10Ml Vampire Vape,Vampire Vape 10Ml E-Liquid,https://vapeonlinestore.co.uk/products/pack-of-10-vampire-vape-10ml-e-liquid,flavour,vanilla tobacco,not listed on VOS,,3.99,https://www.vampirevape.co.uk/vampire-vape-vanilla-tobacco-10ml-e-liquid,high
vampirevape.co.uk,Freebase Vape Juice 10Ml Vampire Vape,Vampire Vape 10Ml E-Liquid,https://vapeonlinestore.co.uk/products/pack-of-10-vampire-vape-10ml-e-liquid,flavour,watermelon,not listed on VOS,,3.99,https://www.vampirevape.co.uk/vampire-vape-watermelon-10ml-e-liquid,high
vampirevape.co.uk,Freebase Vape Juice 10Ml Vampire Vape,Vampire Vape 10Ml E-Liquid,https://vapeonlinestore.co.uk/products/pack-of-10-vampire-vape-10ml-e-liquid,flavour,white chocolate hazelnut tobacco,not listed on VOS,,3.99,https://www.vampirevape.co.uk/vampire-vape-white-chocolate-hazelnut-tobacco-10ml-e-liquid,high
vampirevape.co.uk,Nic Salt Vape Juice 10Ml Vampire Vape,Vampire Vape 10Ml E-Liquid,https://vapeonlinestore.co.uk/products/pack-of-10-vampire-vape-10ml-e-liquid,flavour,white chocolate hazelnut tobacco,not listed on VOS,,3.99,https://www.vampirevape.co.uk/vampire-vape-nic-salt-white-chocolate-hazelnut-tobacco-10ml-e-liquid,high
vampirevape.co.uk,Freebase Vape Juice 10Ml Vampire Vape,Vampire Vape 10Ml E-Liquid,https://vapeonlinestore.co.uk/products/pack-of-10-vampire-vape-10ml-e-liquid,strength,0mg,not listed on VOS,,3.99,https://www.vampirevape.co.uk/vampire-vape-cherry-tobacco-10ml-e-liquid,high
vampirevape.co.uk,Nic Salt Vape Juice 10Ml Vampire Vape,Vampire Vape 10Ml E-Liquid,https://vapeonlinestore.co.uk/products/pack-of-10-vampire-vape-10ml-e-liquid,strength,10mg,not listed on VOS,,3.99,https://www.vampirevape.co.uk/vampire-vape-nic-salt-cherry-tobacco-10ml-e-liquid,high
vampirevape.co.uk,Nic Salt Vape Juice 10Ml Vampire Vape,Vampire Vape 10Ml E-Liquid,https://vapeonlinestore.co.uk/products/pack-of-10-vampire-vape-10ml-e-liquid,strength,20mg,not listed on VOS,,3.99,https://www.vampirevape.co.uk/vampire-vape-nic-salt-cherry-tobacco-10ml-e-liquid,high
vampirevape.co.uk,10Ml E-Liquid,Vampire Vape 10Ml E-Liquid,https://vapeonlinestore.co.uk/products/pack-of-10-vampire-vape-10ml-e-liquid,strength,50 50 18mg,not listed on VOS,,2.0,https://www.vampirevape.co.uk/nicit-up-10ml-e-liquid,low
vampirevape.co.uk,10Ml E-Liquid,Vampire Vape 10Ml E-Liquid,https://vapeonlinestore.co.uk/products/pack-of-10-vampire-vape-10ml-e-liquid,strength,70 30 18mg,not listed on VOS,,2.0,https://www.vampirevape.co.uk/nicit-up-10ml-e-liquid,low
vampirevape.co.uk,10Ml E-Liquid,Vampire Vape 10Ml E-Liquid,https://vapeonlinestore.co.uk/products/pack-of-10-vampire-vape-10ml-e-liquid,strength,80 20 18mg,not listed on VOS,,2.0,https://www.vampirevape.co.uk/nicit-up-10ml-e-liquid,low
vampirevape.co.uk,10Ml E-Liquid,Vampire Vape 10Ml E-Liquid,https://vapeonlinestore.co.uk/products/pack-of-10-vampire-vape-10ml-e-liquid,strength,ice 70 30 18mg,not listed on VOS,,2.0,https://www.vampirevape.co.uk/nicit-up-10ml-e-liquid,low
vampirevape.co.uk,10Ml E-Liquid,Vampire Vape 10Ml E-Liquid,https://vapeonlinestore.co.uk/products/pack-of-10-vampire-vape-10ml-e-liquid,strength,salts 50 50 20mg,not listed on VOS,,2.0,https://www.vampirevape.co.uk/nicit-up-10ml-e-liquid,low
vampirevape.co.uk,vaporesso dojo blast 10k & 30k prefilled pods,Vaporesso Dojo Blast 10000 Prefilled Pods,https://vapeonlinestore.co.uk/products/vaporesso-dojo-blast-10k-pods,flavour,i bru,not listed on VOS,,4.95,https://www.vampirevape.co.uk/vaporesso-dojo-blast-10k-prefilled-pod,medium
vampirevape.co.uk,Dojo Blast 10000 Prefilled Vape Kit,Vaporesso Dojo Blast 10000 Prefilled Pods Vape Kit,https://vapeonlinestore.co.uk/products/vaporesso-dojo-blast-10k,flavour,banana ice,not listed on VOS,,5.99,https://www.vampirevape.co.uk/dojo-blast-10k-prefilled-vape-kit,high
vampirevape.co.uk,Dojo Blast 10000 Prefilled Vape Kit,Vaporesso Dojo Blast 10000 Prefilled Pods Vape Kit,https://vapeonlinestore.co.uk/products/vaporesso-dojo-blast-10k,flavour,i bru,not listed on VOS,,5.99,https://www.vampirevape.co.uk/dojo-blast-10k-prefilled-vape-kit,high
vampirevape.co.uk,Dojo Blast 10000 Prefilled Vape Kit,Vaporesso Dojo Blast 10000 Prefilled Pods Vape Kit,https://vapeonlinestore.co.uk/products/vaporesso-dojo-blast-10k,flavour,lime pomegranate,not listed on VOS,,5.99,https://www.vampirevape.co.uk/dojo-blast-10k-prefilled-vape-kit,high
vampirevape.co.uk,Dojo Blast 10000 Prefilled Vape Kit,Vaporesso Dojo Blast 10000 Prefilled Pods Vape Kit,https://vapeonlinestore.co.uk/products/vaporesso-dojo-blast-10k,flavour,lychee ice,not listed on VOS,,5.99,https://www.vampirevape.co.uk/dojo-blast-10k-prefilled-vape-kit,high
vampirevape.co.uk,Dojo Blast 10000 Prefilled Vape Kit,Vaporesso Dojo Blast 10000 Prefilled Pods Vape Kit,https://vapeonlinestore.co.uk/products/vaporesso-dojo-blast-10k,flavour,sour berry,not listed on VOS,,5.99,https://www.vampirevape.co.uk/dojo-blast-10k-prefilled-vape-kit,high
vampirevape.co.uk,Dojo Blast 10000 Prefilled Vape Kit,Vaporesso Dojo Blast 10000 Prefilled Pods Vape Kit,https://vapeonlinestore.co.uk/products/vaporesso-dojo-blast-10k,flavour,sour peach gummy,not listed on VOS,,5.99,https://www.vampirevape.co.uk/dojo-blast-10k-prefilled-vape-kit,high
vampirevape.co.uk,Aspire Nautilus Mini Replacement,aspire nautilus mini replacement glass aspire glass replacement,https://vapeonlinestore.co.uk/products/mini-nautilus-glass-tank-by-aspire,colour,glass,not listed on VOS,,2.99,https://www.vampirevape.co.uk/aspire-nautilus-mini-replacement-glass,medium
vampirevape.co.uk,avomi cliq 6000 puff pod vape kit - 20mg,avomi cliq 6000 puff pod vape kit,https://vapeonlinestore.co.uk/products/avomi-cliq-6000,flavour,banana ice,not listed on VOS,,5.99,https://www.vampirevape.co.uk/avomi-cliq-prefilled-pod-vape-kit-20mg,high
vampirevape.co.uk,avomi cliq 6000 puff pod vape kit - 20mg,avomi cliq 6000 puff pod vape kit,https://vapeonlinestore.co.uk/products/avomi-cliq-6000,flavour,blue raspberry ice,not listed on VOS,,5.99,https://www.vampirevape.co.uk/avomi-cliq-prefilled-pod-vape-kit-20mg,high
vampirevape.co.uk,avomi cliq 6000 puff pod vape kit - 20mg,avomi cliq 6000 puff pod vape kit,https://vapeonlinestore.co.uk/products/avomi-cliq-6000,flavour,cherry ice,not listed on VOS,,5.99,https://www.vampirevape.co.uk/avomi-cliq-prefilled-pod-vape-kit-20mg,high
vampirevape.co.uk,avomi cliq 6000 puff pod vape kit - 20mg,avomi cliq 6000 puff pod vape kit,https://vapeonlinestore.co.uk/products/avomi-cliq-6000,flavour,double apple,not listed on VOS,,5.99,https://www.vampirevape.co.uk/avomi-cliq-prefilled-pod-vape-kit-20mg,high
vampirevape.co.uk,avomi cliq 6000 puff pod vape kit - 20mg,avomi cliq 6000 puff pod vape kit,https://vapeonlinestore.co.uk/products/avomi-cliq-6000,flavour,grape ice,not listed on VOS,,5.99,https://www.vampirevape.co.uk/avomi-cliq-prefilled-pod-vape-kit-20mg,high
vampirevape.co.uk,avomi cliq 6000 puff pod vape kit - 20mg,avomi cliq 6000 puff pod vape kit,https://vapeonlinestore.co.uk/products/avomi-cliq-6000,flavour,red raspberry,not listed on VOS,,5.99,https://www.vampirevape.co.uk/avomi-cliq-prefilled-pod-vape-kit-20mg,high
vampirevape.co.uk,avomi cliq 6000 puff pod vape kit - 20mg,avomi cliq 6000 puff pod vape kit,https://vapeonlinestore.co.uk/products/avomi-cliq-6000,flavour,strawberry watermelon,not listed on VOS,,5.99,https://www.vampirevape.co.uk/avomi-cliq-prefilled-pod-vape-kit-20mg,high
vampirevape.co.uk,avomi cliq 6000 puff pod vape kit - 20mg,avomi cliq 6000 puff pod vape kit,https://vapeonlinestore.co.uk/products/avomi-cliq-6000,flavour,tropical punch,not listed on VOS,,5.99,https://www.vampirevape.co.uk/avomi-cliq-prefilled-pod-vape-kit-20mg,high
vampirevape.co.uk,Avomi Cliq Prefilled Pods,avomi cliq prefilled replacement pods,https://vapeonlinestore.co.uk/products/avomi-cliq-prefilled-pods,flavour,banana ice,not listed on VOS,,4.95,https://www.vampirevape.co.uk/avomi-cliq-prefilled-pods-1pk,high
vampirevape.co.uk,Avomi Cliq Prefilled Pods,avomi cliq prefilled replacement pods,https://vapeonlinestore.co.uk/products/avomi-cliq-prefilled-pods,flavour,blue raspberry ice,not listed on VOS,,4.95,https://www.vampirevape.co.uk/avomi-cliq-prefilled-pods-1pk,high
vampirevape.co.uk,Avomi Cliq Prefilled Pods,avomi cliq prefilled replacement pods,https://vapeonlinestore.co.uk/products/avomi-cliq-prefilled-pods,flavour,cherry ice,not listed on VOS,,4.95,https://www.vampirevape.co.uk/avomi-cliq-prefilled-pods-1pk,high
vampirevape.co.uk,Avomi Cliq Prefilled Pods,avomi cliq prefilled replacement pods,https://vapeonlinestore.co.uk/products/avomi-cliq-prefilled-pods,flavour,double apple,not listed on VOS,,4.95,https://www.vampirevape.co.uk/avomi-cliq-prefilled-pods-1pk,high
vampirevape.co.uk,Avomi Cliq Prefilled Pods,avomi cliq prefilled replacement pods,https://vapeonlinestore.co.uk/products/avomi-cliq-prefilled-pods,flavour,grape ice,not listed on VOS,,4.95,https://www.vampirevape.co.uk/avomi-cliq-prefilled-pods-1pk,high
vampirevape.co.uk,double drip 10k prefilled pod - 1pk,double drip 10k refill pod,https://vapeonlinestore.co.uk/products/double-drip-10k-refill-pod,flavour,spearmint menthol,listed on VOS but out of stock,spearmint menthol,4.95,https://www.vampirevape.co.uk/double-drip-10k-replacement-prefilled-pod-1pk,high
vampirevape.co.uk,Double Drip 50 50 10Ml E-Liquid,double drip 50/50 10ml nic salt e-liquid,https://vapeonlinestore.co.uk/products/double-drip-50-50-e-liquid-10ml,flavour,blackberry grape,not listed on VOS,,3.99,https://www.vampirevape.co.uk/double-drip-50-50-blackberry-grape-10ml-e-liquid,high
vampirevape.co.uk,Double Drip 50 50 10Ml E-Liquid,double drip 50/50 10ml nic salt e-liquid,https://vapeonlinestore.co.uk/products/double-drip-50-50-e-liquid-10ml,flavour,fizzy cherry cola bottles,not listed on VOS,,3.99,https://www.vampirevape.co.uk/double-drip-50-50-fizzy-cherry-cola-bottles-10ml-e-liquid,high
vampirevape.co.uk,Double Drip 50 50 10Ml E-Liquid,double drip 50/50 10ml nic salt e-liquid,https://vapeonlinestore.co.uk/products/double-drip-50-50-e-liquid-10ml,flavour,menthol,not listed on VOS,,3.99,https://www.vampirevape.co.uk/double-drip-50-50-double-menthol-10ml-e-liquid,high
vampirevape.co.uk,elfbar 600 prefilled replacement pods 2pk,elf bar 600 prefilled pods,https://vapeonlinestore.co.uk/products/elf-bar-600-prefilled-pods,flavour,cola,not listed on VOS,,4.95,https://www.vampirevape.co.uk/elfbar-600-prefilled-replacement-pods-2pk,high
vampirevape.co.uk,elfbar 600 prefilled replacement pods 2pk,elf bar 600 prefilled pods,https://vapeonlinestore.co.uk/products/elf-bar-600-prefilled-pods,flavour,lemon lime,not listed on VOS,,4.95,https://www.vampirevape.co.uk/elfbar-600-prefilled-replacement-pods-2pk,high
vampirevape.co.uk,elfbar 600 prefilled replacement pods 2pk,elf bar 600 prefilled pods,https://vapeonlinestore.co.uk/products/elf-bar-600-prefilled-pods,flavour,p b cloud,not listed on VOS,,4.95,https://www.vampirevape.co.uk/elfbar-600-prefilled-replacement-pods-2pk,high
vampirevape.co.uk,elfbar 600 prefilled replacement pods 2pk,elf bar 600 prefilled pods,https://vapeonlinestore.co.uk/products/elf-bar-600-prefilled-pods,flavour,pineapple ice,not listed on VOS,,4.95,https://www.vampirevape.co.uk/elfbar-600-prefilled-replacement-pods-2pk,high
vampirevape.co.uk,elfbar 600 prefilled replacement pods 2pk,elf bar 600 prefilled pods,https://vapeonlinestore.co.uk/products/elf-bar-600-prefilled-pods,flavour,strawberry raspberry,not listed on VOS,,4.95,https://www.vampirevape.co.uk/elfbar-600-prefilled-replacement-pods-2pk,high
vampirevape.co.uk,elfbar plus50 prefilled pods 1pk,elf bar plus 50 prefilled pods,https://vapeonlinestore.co.uk/products/elf-bar-plus-50-pods,flavour,mango,not listed on VOS,,5.49,https://www.vampirevape.co.uk/elfbar-plus50-prefilled-pods-1pk,high
vampirevape.co.uk,Freemax Fireluke 2 Tank,freemax fireluke 2 tank,https://vapeonlinestore.co.uk/products/freemax-fireluke-2-tank,colour,graffiti green,not listed on VOS,,10.99,https://www.vampirevape.co.uk/freemax-fireluke-2-tank-graffiti-green,high
vampirevape.co.uk,Freemax Fireluke 2 Tank,freemax fireluke 2 tank,https://vapeonlinestore.co.uk/products/freemax-fireluke-2-tank,colour,metal green,not listed on VOS,,10.99,https://www.vampirevape.co.uk/freemax-fireluke-2-tank-metal-green,high
vampirevape.co.uk,Geekvape Aegis Q Kit,geekvape aegis q kit,https://vapeonlinestore.co.uk/products/geekvape-aegis-q-kit,colour,gray,not listed on VOS,,11.99,https://www.vampirevape.co.uk/geek-vape-aegis-q-kit-gray,high
vampirevape.co.uk,gold bar reload prefilled vape kit,gold bar reload prefilled pod kit 20mg,https://vapeonlinestore.co.uk/products/gold-bar-600-puffs-prefilled-pod-kit,flavour,blue raspberry,not listed on VOS,,2.99,https://www.vampirevape.co.uk/gold-bar-reload-prefilled-vape-kit,high
vampirevape.co.uk,gold bar reload prefilled vape kit,gold bar reload prefilled pod kit 20mg,https://vapeonlinestore.co.uk/products/gold-bar-600-puffs-prefilled-pod-kit,flavour,blueberry sour raspberry,not listed on VOS,,2.99,https://www.vampirevape.co.uk/gold-bar-reload-prefilled-vape-kit,high
vampirevape.co.uk,gold bar reload prefilled vape kit,gold bar reload prefilled pod kit 20mg,https://vapeonlinestore.co.uk/products/gold-bar-600-puffs-prefilled-pod-kit,flavour,vanilla cream tobacco,not listed on VOS,,2.99,https://www.vampirevape.co.uk/gold-bar-reload-prefilled-vape-kit,high
vampirevape.co.uk,innokin isub coils - 5pk,innokin isub tank replacement coils,https://vapeonlinestore.co.uk/products/innokin-isub-coils-pack-of-5,resistance,clapton 0.5ohm,not listed on VOS,,1.99,https://www.vampirevape.co.uk/innokin-isub-coils-5pk,high
vampirevape.co.uk,innokin isub coils - 5pk,innokin isub tank replacement coils,https://vapeonlinestore.co.uk/products/innokin-isub-coils-pack-of-5,resistance,kal bvc 2.0ohm,not listed on VOS,,1.99,https://www.vampirevape.co.uk/innokin-isub-coils-5pk,high
vampirevape.co.uk,innokin isub coils - 5pk,innokin isub tank replacement coils,https://vapeonlinestore.co.uk/products/innokin-isub-coils-pack-of-5,resistance,replaceable 1.2ohm,not listed on VOS,,1.99,https://www.vampirevape.co.uk/innokin-isub-coils-5pk,high
vampirevape.co.uk,Innokin Klypse Mecha Kit Moonshadow,innokin klypse mecha pod vape kit,https://vapeonlinestore.co.uk/products/innokin-klypse-mecha-pod-vape-kit,colour,ink,not listed on VOS,,20.99,https://www.vampirevape.co.uk/innokin-klypse-mecha-kit-moonshadow-ink,medium
vampirevape.co.uk,Innokin Klypse Pod Kit,innokin klypse pod kit,https://vapeonlinestore.co.uk/products/innokin-klypse-pod-kit,colour,blush rose gold,not listed on VOS,,9.99,https://www.vampirevape.co.uk/innokin-klypse-pod-kit-blush-rose-gold,high
vampirevape.co.uk,Innokin Klypse Pod Kit,innokin klypse pod kit,https://vapeonlinestore.co.uk/products/innokin-klypse-pod-kit,colour,charcoal black,not listed on VOS,,9.99,https://www.vampirevape.co.uk/innokin-klypse-pod-kit-charcoal-black,high
vampirevape.co.uk,Innokin Klypse Pod Kit,innokin klypse pod kit,https://vapeonlinestore.co.uk/products/innokin-klypse-pod-kit,colour,indigo blue,not listed on VOS,,7.49,https://www.vampirevape.co.uk/innokin-klypse-pod-kit-indigo-blue,high
vampirevape.co.uk,innokin kwik 35k prefilled pod kit,innokin kwik 35k prefilled pod kit,https://vapeonlinestore.co.uk/products/innokin-kwik-35k,flavour,strawberry mix,not listed on VOS,,4.99,https://www.vampirevape.co.uk/innokin-kwik-35k-prefilled-pod-kit,high
vampirevape.co.uk,lost mary bm600 prefilled pods - 2pk,lost mary bm600 prefilled replacement pods pack of 2,https://vapeonlinestore.co.uk/products/lost-mary-bm600-prefilled-pods,flavour,blackberry ice,not listed on VOS,,4.95,https://www.vampirevape.co.uk/lost-mary-bm600-prefilled-pods-2pk,high
vampirevape.co.uk,lost mary bm600 prefilled pods - 2pk,lost mary bm600 prefilled replacement pods pack of 2,https://vapeonlinestore.co.uk/products/lost-mary-bm600-prefilled-pods,flavour,blackcurrant apple,not listed on VOS,,4.95,https://www.vampirevape.co.uk/lost-mary-bm600-prefilled-pods-2pk,high
vampirevape.co.uk,lost mary bm600 prefilled pods - 2pk,lost mary bm600 prefilled replacement pods pack of 2,https://vapeonlinestore.co.uk/products/lost-mary-bm600-prefilled-pods,flavour,blue raspberry cherry,not listed on VOS,,4.95,https://www.vampirevape.co.uk/lost-mary-bm600-prefilled-pods-2pk,high
vampirevape.co.uk,lost mary bm600 prefilled pods - 2pk,lost mary bm600 prefilled replacement pods pack of 2,https://vapeonlinestore.co.uk/products/lost-mary-bm600-prefilled-pods,flavour,blue raspberry lemonade,not listed on VOS,,4.95,https://www.vampirevape.co.uk/lost-mary-bm600-prefilled-pods-2pk,high
vampirevape.co.uk,lost mary bm600 prefilled pods - 2pk,lost mary bm600 prefilled replacement pods pack of 2,https://vapeonlinestore.co.uk/products/lost-mary-bm600-prefilled-pods,flavour,cherry peach lemonade,not listed on VOS,,4.95,https://www.vampirevape.co.uk/lost-mary-bm600-prefilled-pods-2pk,high
vampirevape.co.uk,lost mary bm600 prefilled pods - 2pk,lost mary bm600 prefilled replacement pods pack of 2,https://vapeonlinestore.co.uk/products/lost-mary-bm600-prefilled-pods,flavour,fizzy cherry,not listed on VOS,,4.95,https://www.vampirevape.co.uk/lost-mary-bm600-prefilled-pods-2pk,high
vampirevape.co.uk,lost mary bm600 prefilled pods - 2pk,lost mary bm600 prefilled replacement pods pack of 2,https://vapeonlinestore.co.uk/products/lost-mary-bm600-prefilled-pods,flavour,fizzy pineapple,not listed on VOS,,4.95,https://www.vampirevape.co.uk/lost-mary-bm600-prefilled-pods-2pk,high
vampirevape.co.uk,lost mary bm600 prefilled pods - 2pk,lost mary bm600 prefilled replacement pods pack of 2,https://vapeonlinestore.co.uk/products/lost-mary-bm600-prefilled-pods,flavour,kiwi passion fruit guava,not listed on VOS,,4.95,https://www.vampirevape.co.uk/lost-mary-bm600-prefilled-pods-2pk,high
vampirevape.co.uk,lost mary bm600 prefilled pods - 2pk,lost mary bm600 prefilled replacement pods pack of 2,https://vapeonlinestore.co.uk/products/lost-mary-bm600-prefilled-pods,flavour,mad blue,not listed on VOS,,4.95,https://www.vampirevape.co.uk/lost-mary-bm600-prefilled-pods-2pk,high
vampirevape.co.uk,lost mary bm600 prefilled pods - 2pk,lost mary bm600 prefilled replacement pods pack of 2,https://vapeonlinestore.co.uk/products/lost-mary-bm600-prefilled-pods,flavour,red apple ice,not listed on VOS,,4.95,https://www.vampirevape.co.uk/lost-mary-bm600-prefilled-pods-2pk,high
vampirevape.co.uk,lost mary bm600 prefilled pods - 2pk,lost mary bm600 prefilled replacement pods pack of 2,https://vapeonlinestore.co.uk/products/lost-mary-bm600-prefilled-pods,flavour,sakura grape,not listed on VOS,,4.95,https://www.vampirevape.co.uk/lost-mary-bm600-prefilled-pods-2pk,high
vampirevape.co.uk,lost mary bm600 prefilled pods - 2pk,lost mary bm600 prefilled replacement pods pack of 2,https://vapeonlinestore.co.uk/products/lost-mary-bm600-prefilled-pods,flavour,strawberry raspberry cherry,not listed on VOS,,4.95,https://www.vampirevape.co.uk/lost-mary-bm600-prefilled-pods-2pk,high
vampirevape.co.uk,lost mary bm600 prefilled pods - 2pk,lost mary bm600 prefilled replacement pods pack of 2,https://vapeonlinestore.co.uk/products/lost-mary-bm600-prefilled-pods,flavour,triple berry ice,not listed on VOS,,4.95,https://www.vampirevape.co.uk/lost-mary-bm600-prefilled-pods-2pk,high
vampirevape.co.uk,Aspire Nautilus,nautilus prime rba by aspire,https://vapeonlinestore.co.uk/products/nautilus-prime-rba-by-aspire,colour,nano glass,not listed on VOS,,2.99,https://www.vampirevape.co.uk/aspire-nautilus-nano-glass,low
vampirevape.co.uk,Nordic Spirit Pouches,nordic spirit nicotine pouches,https://vapeonlinestore.co.uk/products/nordic-spirit-nicotine-pouches,flavour,blueberry,not listed on VOS,,6.5,https://www.vampirevape.co.uk/nordic-spirit-nic-pouch-blueberry-20pk,high
vampirevape.co.uk,Nordic Spirit Pouches,nordic spirit nicotine pouches,https://vapeonlinestore.co.uk/products/nordic-spirit-nicotine-pouches,flavour,dark fizz,not listed on VOS,,6.5,https://www.vampirevape.co.uk/nordic-spirit-nic-pouch-dark-fizz-20pk,high
vampirevape.co.uk,Nordic Spirit Pouches,nordic spirit nicotine pouches,https://vapeonlinestore.co.uk/products/nordic-spirit-nicotine-pouches,flavour,forest berry,not listed on VOS,,6.5,https://www.vampirevape.co.uk/nordic-spirit-nic-pouch-forest-berries-20pk,high
vampirevape.co.uk,Nordic Spirit Pouches,nordic spirit nicotine pouches,https://vapeonlinestore.co.uk/products/nordic-spirit-nicotine-pouches,flavour,frosty berry,not listed on VOS,,6.5,https://www.vampirevape.co.uk/nordic-spirit-nic-pouch-frosty-berry-20pk,high
vampirevape.co.uk,Nordic Spirit Pouches,nordic spirit nicotine pouches,https://vapeonlinestore.co.uk/products/nordic-spirit-nicotine-pouches,flavour,frosty mint,not listed on VOS,,6.5,https://www.vampirevape.co.uk/nordic-spirit-nic-pouch-frosty-mint-20pk,high
vampirevape.co.uk,Nordic Spirit Pouches,nordic spirit nicotine pouches,https://vapeonlinestore.co.uk/products/nordic-spirit-nicotine-pouches,flavour,melon fresh,not listed on VOS,,6.5,https://www.vampirevape.co.uk/nordic-spirit-nic-pouch-melon-20pk,high
vampirevape.co.uk,Nordic Spirit Pouches,nordic spirit nicotine pouches,https://vapeonlinestore.co.uk/products/nordic-spirit-nicotine-pouches,flavour,mint,not listed on VOS,,6.5,https://www.vampirevape.co.uk/nordic-spirit-nic-pouch-mint-20pk,high
vampirevape.co.uk,Nordic Spirit Pouches,nordic spirit nicotine pouches,https://vapeonlinestore.co.uk/products/nordic-spirit-nicotine-pouches,flavour,raspberry,not listed on VOS,,6.5,https://www.vampirevape.co.uk/nordic-spirit-nic-pouch-raspberry-20pk,high
vampirevape.co.uk,Nordic Spirit Pouches,nordic spirit nicotine pouches,https://vapeonlinestore.co.uk/products/nordic-spirit-nicotine-pouches,flavour,spearmint,not listed on VOS,,6.5,https://www.vampirevape.co.uk/nordic-spirit-nic-pouch-spearmint-20pk,high
vampirevape.co.uk,Nordic Spirit Pouches,nordic spirit nicotine pouches,https://vapeonlinestore.co.uk/products/nordic-spirit-nicotine-pouches,flavour,tropical mix,not listed on VOS,,6.5,https://www.vampirevape.co.uk/nordic-spirit-nic-pouch-tropical-mix-20pk,high
vampirevape.co.uk,Nordic Spirit Pouches,nordic spirit nicotine pouches,https://vapeonlinestore.co.uk/products/nordic-spirit-nicotine-pouches,flavour,watermelon,not listed on VOS,,6.5,https://www.vampirevape.co.uk/nordic-spirit-nic-pouch-watermelon-20pk,high
vampirevape.co.uk,oxva slimstick prefilled vape kit,oxva slimstick prefilled pod kit,https://vapeonlinestore.co.uk/products/oxva-slimstick-prefilled-pod-kit,flavour,blueberry,not listed on VOS,,9.99,https://www.vampirevape.co.uk/oxva-slimstick-prefilled-vape-kit,high
vampirevape.co.uk,oxva slimstick prefilled vape kit,oxva slimstick prefilled pod kit,https://vapeonlinestore.co.uk/products/oxva-slimstick-prefilled-pod-kit,flavour,kiwi passion fruit,not listed on VOS,,9.99,https://www.vampirevape.co.uk/oxva-slimstick-prefilled-vape-kit,high
vampirevape.co.uk,oxva slimstick prefilled vape kit,oxva slimstick prefilled pod kit,https://vapeonlinestore.co.uk/products/oxva-slimstick-prefilled-pod-kit,flavour,lemon lime,not listed on VOS,,9.99,https://www.vampirevape.co.uk/oxva-slimstick-prefilled-vape-kit,high
vampirevape.co.uk,oxva slimstick prefilled vape kit,oxva slimstick prefilled pod kit,https://vapeonlinestore.co.uk/products/oxva-slimstick-prefilled-pod-kit,flavour,lychee ice,not listed on VOS,,9.99,https://www.vampirevape.co.uk/oxva-slimstick-prefilled-vape-kit,high
vampirevape.co.uk,oxva slimstick prefilled vape kit,oxva slimstick prefilled pod kit,https://vapeonlinestore.co.uk/products/oxva-slimstick-prefilled-pod-kit,flavour,mint,not listed on VOS,,9.99,https://www.vampirevape.co.uk/oxva-slimstick-prefilled-vape-kit,high
vampirevape.co.uk,oxva slimstick prefilled vape kit,oxva slimstick prefilled pod kit,https://vapeonlinestore.co.uk/products/oxva-slimstick-prefilled-pod-kit,flavour,watermelon,not listed on VOS,,9.99,https://www.vampirevape.co.uk/oxva-slimstick-prefilled-vape-kit,high
vampirevape.co.uk,Pablo Pouches 24Mg,pablo 50mg nicotine pouches,https://vapeonlinestore.co.uk/products/pablo-50mg-nicotine-pouches,flavour,frosted ice,not listed on VOS,,3.99,https://www.vampirevape.co.uk/pablo-nic-pouches-frosted-ice-24mg,high
vampirevape.co.uk,Pablo Pouches 24Mg,pablo 50mg nicotine pouches,https://vapeonlinestore.co.uk/products/pablo-50mg-nicotine-pouches,flavour,passion fruit,not listed on VOS,,3.99,https://www.vampirevape.co.uk/pablo-nicotine-pouch-passion-fruit-24mg,high
vampirevape.co.uk,Pablo Pouches 24Mg,pablo 50mg nicotine pouches,https://vapeonlinestore.co.uk/products/pablo-50mg-nicotine-pouches,flavour,strawberry lychee,not listed on VOS,,3.99,https://www.vampirevape.co.uk/pablo-nicotine-pouch-strawberry-lychee-24mg,high
vampirevape.co.uk,pixl 8000 prefilled vape kit,pixl 8000 prefilled pod vape kit,https://vapeonlinestore.co.uk/products/pixl-8000,flavour,blue cherry cranberry,not listed on VOS,,7.49,https://www.vampirevape.co.uk/pixl-8000-prefilled-pod-kit,high
vampirevape.co.uk,pixl 8000 prefilled vape kit,pixl 8000 prefilled pod vape kit,https://vapeonlinestore.co.uk/products/pixl-8000,flavour,blue raspberry cotton,not listed on VOS,,7.49,https://www.vampirevape.co.uk/pixl-8000-prefilled-pod-kit,high
vampirevape.co.uk,pixl 8000 prefilled vape kit,pixl 8000 prefilled pod vape kit,https://vapeonlinestore.co.uk/products/pixl-8000,flavour,cherry lemonade,not listed on VOS,,7.49,https://www.vampirevape.co.uk/pixl-8000-prefilled-pod-kit,high
vampirevape.co.uk,pixl 8000 prefilled vape kit,pixl 8000 prefilled pod vape kit,https://vapeonlinestore.co.uk/products/pixl-8000,flavour,cherry sour raspberry,not listed on VOS,,7.49,https://www.vampirevape.co.uk/pixl-8000-prefilled-pod-kit,high
vampirevape.co.uk,pixl 8000 prefilled vape kit,pixl 8000 prefilled pod vape kit,https://vapeonlinestore.co.uk/products/pixl-8000,flavour,cola lime,not listed on VOS,,7.49,https://www.vampirevape.co.uk/pixl-8000-prefilled-pod-kit,high
vampirevape.co.uk,pixl 8000 prefilled vape kit,pixl 8000 prefilled pod vape kit,https://vapeonlinestore.co.uk/products/pixl-8000,flavour,fresh mint,not listed on VOS,,7.49,https://www.vampirevape.co.uk/pixl-8000-prefilled-pod-kit,high
vampirevape.co.uk,pixl 8000 prefilled vape kit,pixl 8000 prefilled pod vape kit,https://vapeonlinestore.co.uk/products/pixl-8000,flavour,hawaiian oasis,not listed on VOS,,7.49,https://www.vampirevape.co.uk/pixl-8000-prefilled-pod-kit,high
vampirevape.co.uk,pixl 8000 prefilled vape kit,pixl 8000 prefilled pod vape kit,https://vapeonlinestore.co.uk/products/pixl-8000,flavour,hub bub,not listed on VOS,,7.49,https://www.vampirevape.co.uk/pixl-8000-prefilled-pod-kit,high
vampirevape.co.uk,pixl 8000 prefilled vape kit,pixl 8000 prefilled pod vape kit,https://vapeonlinestore.co.uk/products/pixl-8000,flavour,juicy peach,not listed on VOS,,7.49,https://www.vampirevape.co.uk/pixl-8000-prefilled-pod-kit,high
vampirevape.co.uk,pixl 8000 prefilled vape kit,pixl 8000 prefilled pod vape kit,https://vapeonlinestore.co.uk/products/pixl-8000,flavour,paradise punch,not listed on VOS,,7.49,https://www.vampirevape.co.uk/pixl-8000-prefilled-pod-kit,high
vampirevape.co.uk,pixl 8000 prefilled vape kit,pixl 8000 prefilled pod vape kit,https://vapeonlinestore.co.uk/products/pixl-8000,flavour,raspberry watermelon,not listed on VOS,,7.49,https://www.vampirevape.co.uk/pixl-8000-prefilled-pod-kit,high
vampirevape.co.uk,pixl 8000 prefilled vape kit,pixl 8000 prefilled pod vape kit,https://vapeonlinestore.co.uk/products/pixl-8000,flavour,sakura raspberry,not listed on VOS,,7.49,https://www.vampirevape.co.uk/pixl-8000-prefilled-pod-kit,high
vampirevape.co.uk,pixl 8000 prefilled vape kit,pixl 8000 prefilled pod vape kit,https://vapeonlinestore.co.uk/products/pixl-8000,flavour,sour cherry apple,not listed on VOS,,7.49,https://www.vampirevape.co.uk/pixl-8000-prefilled-pod-kit,high
vampirevape.co.uk,pixl 8000 prefilled vape kit,pixl 8000 prefilled pod vape kit,https://vapeonlinestore.co.uk/products/pixl-8000,flavour,sour pineapple mango,not listed on VOS,,7.49,https://www.vampirevape.co.uk/pixl-8000-prefilled-pod-kit,high
vampirevape.co.uk,pixl 8000 prefilled vape kit,pixl 8000 prefilled pod vape kit,https://vapeonlinestore.co.uk/products/pixl-8000,flavour,spearmint,not listed on VOS,,7.49,https://www.vampirevape.co.uk/pixl-8000-prefilled-pod-kit,high
vampirevape.co.uk,pixl 8000 prefilled vape kit,pixl 8000 prefilled pod vape kit,https://vapeonlinestore.co.uk/products/pixl-8000,flavour,strawberry burst,not listed on VOS,,7.49,https://www.vampirevape.co.uk/pixl-8000-prefilled-pod-kit,high
vampirevape.co.uk,pixl 8000 prefilled vape kit,pixl 8000 prefilled pod vape kit,https://vapeonlinestore.co.uk/products/pixl-8000,flavour,strawberry kiwi bubba,not listed on VOS,,7.49,https://www.vampirevape.co.uk/pixl-8000-prefilled-pod-kit,high
vampirevape.co.uk,pixl 8000 prefilled vape kit,pixl 8000 prefilled pod vape kit,https://vapeonlinestore.co.uk/products/pixl-8000,flavour,strawberry watermelon,not listed on VOS,,7.49,https://www.vampirevape.co.uk/pixl-8000-prefilled-pod-kit,high
vampirevape.co.uk,pixl 8000 prefilled vape kit,pixl 8000 prefilled pod vape kit,https://vapeonlinestore.co.uk/products/pixl-8000,flavour,watermelon ice,not listed on VOS,,7.49,https://www.vampirevape.co.uk/pixl-8000-prefilled-pod-kit,high
vampirevape.co.uk,pixl 8000 prefilled pods - 1pk,pixl 8000 prefilled pods pack of 1,https://vapeonlinestore.co.uk/products/pixl-8000-prefilled-pods,flavour,paradise punch,not listed on VOS,,7.99,https://www.vampirevape.co.uk/pixl-8000-prefilled-replacement-pods-1pk,high
vampirevape.co.uk,pixl 8000 prefilled pods - 1pk,pixl 8000 prefilled pods pack of 1,https://vapeonlinestore.co.uk/products/pixl-8000-prefilled-pods,flavour,raspberry watermelon,not listed on VOS,,7.99,https://www.vampirevape.co.uk/pixl-8000-prefilled-replacement-pods-1pk,high
vampirevape.co.uk,pixl 8000 prefilled pods - 1pk,pixl 8000 prefilled pods pack of 1,https://vapeonlinestore.co.uk/products/pixl-8000-prefilled-pods,flavour,sour pineapple mango,not listed on VOS,,7.99,https://www.vampirevape.co.uk/pixl-8000-prefilled-replacement-pods-1pk,high
vampirevape.co.uk,pixl duo 12 prefilled vape kit,pixl duo 12 6000 puffs pod kit,https://vapeonlinestore.co.uk/products/pixl-duo-12-disposable-vape-kit-20mg,flavour,tropical,not listed on VOS,,7.99,https://www.vampirevape.co.uk/pixl-duo-12-prefilled-vape-kit,medium
vampirevape.co.uk,pixl duo 12 prefilled pods,pixl duo 12 replacement pods,https://vapeonlinestore.co.uk/products/pixl-duo-12-replacement-pods,flavour,red,not listed on VOS,,7.99,https://www.vampirevape.co.uk/pixl-duo-12-prefilled-replacement-pods-2pk,high
vampirevape.co.uk,Aspire Pockex Replacement,pockex pyrex tube by aspire,https://vapeonlinestore.co.uk/products/pockex-pyrex-tube-by-aspire,colour,glass,not listed on VOS,,3.99,https://www.vampirevape.co.uk/aspire-pockex-replacement-glass,low
vampirevape.co.uk,ske crystal pro 600 prefilled pods - 2pk,ske 600 pro prefilled replacement pods,https://vapeonlinestore.co.uk/products/ske-600-pro-pre-filled-pods,flavour,blue sour raspberry,not listed on VOS,,4.95,https://www.vampirevape.co.uk/ske-crystal-pro-600-prefilled-pods-20mg-2pk,high
vampirevape.co.uk,ske crystal cl2000 prefilled pods,ske cl2000 refill pods,https://vapeonlinestore.co.uk/products/ske-cl2000-pods,flavour,blueberry raspberry,not listed on VOS,,4.49,https://www.vampirevape.co.uk/ske-crystal-cl2000-prefilled-pods,high
vampirevape.co.uk,ske crystal cl6000 prefilled vape kit,ske crystal cl6000 prefilled pod vape kit,https://vapeonlinestore.co.uk/products/ske-crystal-cl6000-prefilled-pod-vape-kit,flavour,blueberry cherry cranberry,not listed on VOS,,5.99,https://www.vampirevape.co.uk/ske-crystal-cl6000-prefilled-vape-kit,high
vampirevape.co.uk,ske crystal plus prefilled vape kit,ske crystal plus prefilled vape pod kit,https://vapeonlinestore.co.uk/products/ske-crystal-plus-pod-kit,flavour,aurora blue yellow plus blue raspberry lemonade,not listed on VOS,,2.99,https://www.vampirevape.co.uk/ske-crystal-plus-prefilled-vape-kit,high
vampirevape.co.uk,ske crystal plus prefilled vape kit,ske crystal plus prefilled vape pod kit,https://vapeonlinestore.co.uk/products/ske-crystal-plus-pod-kit,flavour,aurora pink plus strawberry burst,not listed on VOS,,2.99,https://www.vampirevape.co.uk/ske-crystal-plus-prefilled-vape-kit,high
vampirevape.co.uk,ske crystal plus prefilled vape kit,ske crystal plus prefilled vape pod kit,https://vapeonlinestore.co.uk/products/ske-crystal-plus-pod-kit,flavour,aurora red blue plus blueberry sour raspberry,not listed on VOS,,2.99,https://www.vampirevape.co.uk/ske-crystal-plus-prefilled-vape-kit,high
vampirevape.co.uk,ske crystal plus prefilled vape kit,ske crystal plus prefilled vape pod kit,https://vapeonlinestore.co.uk/products/ske-crystal-plus-pod-kit,flavour,aurora red plus watermelon ice,not listed on VOS,,2.99,https://www.vampirevape.co.uk/ske-crystal-plus-prefilled-vape-kit,high
vampirevape.co.uk,ske crystal plus prefilled vape kit,ske crystal plus prefilled vape pod kit,https://vapeonlinestore.co.uk/products/ske-crystal-plus-pod-kit,flavour,pink plus pink lemonade,not listed on VOS,,2.99,https://www.vampirevape.co.uk/ske-crystal-plus-prefilled-vape-kit,high
vampirevape.co.uk,ske crystal pro 600 prefilled vape kit,ske crystal pro 600 puffs 20mg reusable vape pod kit,https://vapeonlinestore.co.uk/products/ske-crystal-pro-600,flavour,blue sour raspberry,not listed on VOS,,2.99,https://www.vampirevape.co.uk/ske-crystal-pro-600-prefilled-vape-kit-20mg,high
vampirevape.co.uk,Kit,smok fortis vape kit,https://vapeonlinestore.co.uk/products/smok-fortis-vape-kit,colour,blue gradient,not listed on VOS,,10.99,https://www.vampirevape.co.uk/smok-tech247-kit-blue-gradient,low
vampirevape.co.uk,Kit,smok fortis vape kit,https://vapeonlinestore.co.uk/products/smok-fortis-vape-kit,colour,green gradient,not listed on VOS,,10.99,https://www.vampirevape.co.uk/smok-tech247-kit-green-gradient,low
vampirevape.co.uk,Kit,smok fortis vape kit,https://vapeonlinestore.co.uk/products/smok-fortis-vape-kit,flavour,smok247,not listed on VOS,,10.99,https://www.vampirevape.co.uk/smok-tech247-kit-green-gradient,low
vampirevape.co.uk,smok nord 2 replacement pods - 3pk,smok nord 2 replacement pods,https://vapeonlinestore.co.uk/products/smok-nord-2-replacement,resistance,nord,not listed on VOS,,2.99,https://www.vampirevape.co.uk/smok-nord-2-replacement-pods-3pk,high
vampirevape.co.uk,Smok Novo Refill Pods,smok novo x replacement pods pack of 3,https://vapeonlinestore.co.uk/products/smok-novo-x-replacement-pods,resistance,0.6ohm,not listed on VOS,,6.99,https://www.vampirevape.co.uk/smok-novo-replacement-pods-3pk,high
vampirevape.co.uk,Smok Novo Refill Pods,smok novo x replacement pods pack of 3,https://vapeonlinestore.co.uk/products/smok-novo-x-replacement-pods,resistance,1.0ohm,not listed on VOS,,6.99,https://www.vampirevape.co.uk/smok-novo-replacement-pods-3pk,high
vampirevape.co.uk,Smok Novo Refill Pods,smok novo x replacement pods pack of 3,https://vapeonlinestore.co.uk/products/smok-novo-x-replacement-pods,resistance,1.2ohm,not listed on VOS,,6.99,https://www.vampirevape.co.uk/smok-novo-replacement-pods-3pk,high
vampirevape.co.uk,Smok Novo Refill Pods,smok novo x replacement pods pack of 3,https://vapeonlinestore.co.uk/products/smok-novo-x-replacement-pods,resistance,clear 0.6ohm,not listed on VOS,,6.99,https://www.vampirevape.co.uk/smok-novo-replacement-pods-3pk,high
vampirevape.co.uk,Smok Novo Refill Pods,smok novo x replacement pods pack of 3,https://vapeonlinestore.co.uk/products/smok-novo-x-replacement-pods,resistance,clear 0.8ohm,not listed on VOS,,6.99,https://www.vampirevape.co.uk/smok-novo-replacement-pods-3pk,high
vampirevape.co.uk,Smok Novo Refill Pods,smok novo x replacement pods pack of 3,https://vapeonlinestore.co.uk/products/smok-novo-x-replacement-pods,resistance,clear 1.0ohm,not listed on VOS,,6.99,https://www.vampirevape.co.uk/smok-novo-replacement-pods-3pk,high
vampirevape.co.uk,Snu Pouches,snu nicotine pouches,https://vapeonlinestore.co.uk/products/snu-nicotine-pouches,flavour,black ice,not listed on VOS,,3.99,https://www.vampirevape.co.uk/snu-nic-pouches-black-ice-20pk,high
vampirevape.co.uk,Snu Pouches,snu nicotine pouches,https://vapeonlinestore.co.uk/products/snu-nicotine-pouches,flavour,cherry cola,not listed on VOS,,3.99,https://www.vampirevape.co.uk/snu-nicotine-pouches-cherry-cola,high
vampirevape.co.uk,Snu Pouches,snu nicotine pouches,https://vapeonlinestore.co.uk/products/snu-nicotine-pouches,flavour,fizzy energy,not listed on VOS,,3.99,https://www.vampirevape.co.uk/snu-nicotine-pouches-fizzy-energy-20pk,high
vampirevape.co.uk,Snu Pouches,snu nicotine pouches,https://vapeonlinestore.co.uk/products/snu-nicotine-pouches,flavour,tropical punch,not listed on VOS,,3.99,https://www.vampirevape.co.uk/snu-nicotine-pouches-cherry-cola-20pk,high
vampirevape.co.uk,Snu Pouches,snu nicotine pouches,https://vapeonlinestore.co.uk/products/snu-nicotine-pouches,flavour,wild cherry,not listed on VOS,,3.99,https://www.vampirevape.co.uk/snu-nicotine-pouches-wild-cherry-20pk,high
vampirevape.co.uk,Uwell Caliburn Gz2 Vape Pod Kit,uwell caliburn a2 pod starter vape kit,https://vapeonlinestore.co.uk/products/uwell-caliburn-a2-pod-vape-kit,colour,blue black,not listed on VOS,,10.99,https://www.vampirevape.co.uk/uwell-caliburn-gz2-vape-pod-kit-blue-black,medium
vampirevape.co.uk,Uwell Caliburn Gz2 Vape Pod Kit,uwell caliburn a2 pod starter vape kit,https://vapeonlinestore.co.uk/products/uwell-caliburn-a2-pod-vape-kit,colour,orange black,not listed on VOS,,10.99,https://www.vampirevape.co.uk/uwell-caliburn-gz2-vape-pod-kit-orange-black,medium
vampirevape.co.uk,Uwell Caliburn Tenet Koko Vape Pod Kit,uwell caliburn tenet vape kit,https://vapeonlinestore.co.uk/products/uwell-caliburn-tenet-pod-kit,colour,black white,not listed on VOS,,16.99,https://www.vampirevape.co.uk/uwell-caliburn-tenet-koko-vape-pod-kit-black-white,medium
vampirevape.co.uk,Uwell Caliburn Tenet Vape Pod Kit,uwell caliburn tenet vape kit,https://vapeonlinestore.co.uk/products/uwell-caliburn-tenet-pod-kit,colour,iron gray,not listed on VOS,,15.99,https://www.vampirevape.co.uk/uwell-caliburn-tenet-vape-pod-kit-iron-gray,high
vampirevape.co.uk,Uwell Caliburn Tenet Vape Pod Kit,uwell caliburn tenet vape kit,https://vapeonlinestore.co.uk/products/uwell-caliburn-tenet-pod-kit,colour,olive green,not listed on VOS,,15.99,https://www.vampirevape.co.uk/uwell-caliburn-tenet-vape-pod-kit-olive-green,high
vampirevape.co.uk,Uwell Caliburn Tenet Koko Vape Pod Kit,uwell caliburn tenet vape kit,https://vapeonlinestore.co.uk/products/uwell-caliburn-tenet-pod-kit,colour,red black,not listed on VOS,,16.99,https://www.vampirevape.co.uk/uwell-caliburn-tenet-koko-vape-pod-kit-red-and-black,medium
vampirevape.co.uk,Vampire Vape Max 10Ml Nic Salt E-Liquid,vampire vape max 10ml nic salts,https://vapeonlinestore.co.uk/products/vampire-vape-max-10ml,strength,5mg,not listed on VOS,,3.99,https://www.vampirevape.co.uk/vampire-vape-max-red-raspberry-blast-10ml-nic-salt-e-liquid,high
vampirevape.co.uk,dojo blast 2000 go prefilled transparent pod and refill,vaporesso dojo blast 2000 go prefilled replacement pods,https://vapeonlinestore.co.uk/products/vaporesso-dojo-blast-2000-go-prefilled-replacement-pods,flavour,cherry ice,not listed on VOS,,3.89,https://www.vampirevape.co.uk/dojo-blast-2000-go-prefilled-transparent-pod-and-refill,high
vampirevape.co.uk,dojo blast 2000 go prefilled transparent pod and refill,vaporesso dojo blast 2000 go prefilled replacement pods,https://vapeonlinestore.co.uk/products/vaporesso-dojo-blast-2000-go-prefilled-replacement-pods,flavour,fizzy lychee,not listed on VOS,,3.89,https://www.vampirevape.co.uk/dojo-blast-2000-go-prefilled-transparent-pod-and-refill,high
vampirevape.co.uk,dojo blast 2000 go prefilled transparent pod and refill,vaporesso dojo blast 2000 go prefilled replacement pods,https://vapeonlinestore.co.uk/products/vaporesso-dojo-blast-2000-go-prefilled-replacement-pods,flavour,grape,not listed on VOS,,3.89,https://www.vampirevape.co.uk/dojo-blast-2000-go-prefilled-transparent-pod-and-refill,high
vampirevape.co.uk,dojo blast 2000 go prefilled transparent pod and refill,vaporesso dojo blast 2000 go prefilled replacement pods,https://vapeonlinestore.co.uk/products/vaporesso-dojo-blast-2000-go-prefilled-replacement-pods,flavour,juicy peach,not listed on VOS,,3.89,https://www.vampirevape.co.uk/dojo-blast-2000-go-prefilled-transparent-pod-and-refill,high
vampirevape.co.uk,dojo blast 2000 go prefilled transparent pod and refill,vaporesso dojo blast 2000 go prefilled replacement pods,https://vapeonlinestore.co.uk/products/vaporesso-dojo-blast-2000-go-prefilled-replacement-pods,flavour,strawberry ice,not listed on VOS,,3.89,https://www.vampirevape.co.uk/dojo-blast-2000-go-prefilled-transparent-pod-and-refill,high
vampirevape.co.uk,dojo blast 2000 go prefilled transparent pod and refill,vaporesso dojo blast 2000 go prefilled replacement pods,https://vapeonlinestore.co.uk/products/vaporesso-dojo-blast-2000-go-prefilled-replacement-pods,flavour,strawberry raspberry cherry ice,not listed on VOS,,3.89,https://www.vampirevape.co.uk/dojo-blast-2000-go-prefilled-transparent-pod-and-refill,high
vampirevape.co.uk,dojo blast 2000 go transparent prefilled vape kit,vaporesso dojo blast 2000 go puffs pod kit,https://vapeonlinestore.co.uk/products/vaporesso-dojo-blast-2000-go-pod-kit,flavour,blueberry,not listed on VOS,,4.99,https://www.vampirevape.co.uk/dojo-blast-2000-go-transparent-prefilled-vape-kit,high
vampirevape.co.uk,dojo blast 2000 go transparent prefilled vape kit,vaporesso dojo blast 2000 go puffs pod kit,https://vapeonlinestore.co.uk/products/vaporesso-dojo-blast-2000-go-pod-kit,flavour,cherry ice,not listed on VOS,,4.99,https://www.vampirevape.co.uk/dojo-blast-2000-go-transparent-prefilled-vape-kit,high
vampirevape.co.uk,dojo blast 2000 go transparent prefilled vape kit,vaporesso dojo blast 2000 go puffs pod kit,https://vapeonlinestore.co.uk/products/vaporesso-dojo-blast-2000-go-pod-kit,flavour,cola,not listed on VOS,,4.99,https://www.vampirevape.co.uk/dojo-blast-2000-go-transparent-prefilled-vape-kit,high
vampirevape.co.uk,dojo blast 2000 go transparent prefilled vape kit,vaporesso dojo blast 2000 go puffs pod kit,https://vapeonlinestore.co.uk/products/vaporesso-dojo-blast-2000-go-pod-kit,flavour,double apple,not listed on VOS,,4.99,https://www.vampirevape.co.uk/dojo-blast-2000-go-transparent-prefilled-vape-kit,high
vampirevape.co.uk,dojo blast 2000 go transparent prefilled vape kit,vaporesso dojo blast 2000 go puffs pod kit,https://vapeonlinestore.co.uk/products/vaporesso-dojo-blast-2000-go-pod-kit,flavour,fizzy lychee,not listed on VOS,,4.99,https://www.vampirevape.co.uk/dojo-blast-2000-go-transparent-prefilled-vape-kit,high
vampirevape.co.uk,dojo blast 2000 go transparent prefilled vape kit,vaporesso dojo blast 2000 go puffs pod kit,https://vapeonlinestore.co.uk/products/vaporesso-dojo-blast-2000-go-pod-kit,flavour,grape,not listed on VOS,,4.99,https://www.vampirevape.co.uk/dojo-blast-2000-go-transparent-prefilled-vape-kit,high
vampirevape.co.uk,dojo blast 2000 go transparent prefilled vape kit,vaporesso dojo blast 2000 go puffs pod kit,https://vapeonlinestore.co.uk/products/vaporesso-dojo-blast-2000-go-pod-kit,flavour,juicy peach,not listed on VOS,,4.99,https://www.vampirevape.co.uk/dojo-blast-2000-go-transparent-prefilled-vape-kit,high
vampirevape.co.uk,dojo blast 2000 go transparent prefilled vape kit,vaporesso dojo blast 2000 go puffs pod kit,https://vapeonlinestore.co.uk/products/vaporesso-dojo-blast-2000-go-pod-kit,flavour,strawberry ice,not listed on VOS,,4.99,https://www.vampirevape.co.uk/dojo-blast-2000-go-transparent-prefilled-vape-kit,high
vampirevape.co.uk,dojo blast 2000 go transparent prefilled vape kit,vaporesso dojo blast 2000 go puffs pod kit,https://vapeonlinestore.co.uk/products/vaporesso-dojo-blast-2000-go-pod-kit,flavour,strawberry raspberry cherry ice,not listed on VOS,,4.99,https://www.vampirevape.co.uk/dojo-blast-2000-go-transparent-prefilled-vape-kit,high
vampirevape.co.uk,dojo blast 2000 go transparent prefilled vape kit,vaporesso dojo blast 2000 go puffs pod kit,https://vapeonlinestore.co.uk/products/vaporesso-dojo-blast-2000-go-pod-kit,flavour,ten tangerines,not listed on VOS,,4.99,https://www.vampirevape.co.uk/dojo-blast-2000-go-transparent-prefilled-vape-kit,high
vampirevape.co.uk,dojo blast 6000 prefilled vape kit,vaporesso dojo blast 6000 puffs vape kit,https://vapeonlinestore.co.uk/products/vaporesso-dojo-blast-6000-vape-kit,flavour,blueberry ice,not listed on VOS,,4.99,https://www.vampirevape.co.uk/dojo-blast-6000-prefilled-vape-kit,high
vampirevape.co.uk,dojo blast 6000 prefilled vape kit,vaporesso dojo blast 6000 puffs vape kit,https://vapeonlinestore.co.uk/products/vaporesso-dojo-blast-6000-vape-kit,flavour,double apple,not listed on VOS,,4.99,https://www.vampirevape.co.uk/dojo-blast-6000-prefilled-vape-kit,high
vampirevape.co.uk,dojo blast 6000 prefilled vape kit,vaporesso dojo blast 6000 puffs vape kit,https://vapeonlinestore.co.uk/products/vaporesso-dojo-blast-6000-vape-kit,flavour,kiwi passion fruit guava,not listed on VOS,,4.99,https://www.vampirevape.co.uk/dojo-blast-6000-prefilled-vape-kit,high
vampirevape.co.uk,dojo blast 6000 prefilled vape kit,vaporesso dojo blast 6000 puffs vape kit,https://vapeonlinestore.co.uk/products/vaporesso-dojo-blast-6000-vape-kit,flavour,pineapple ice,not listed on VOS,,4.99,https://www.vampirevape.co.uk/dojo-blast-6000-prefilled-vape-kit,high
vampirevape.co.uk,dojo blast 6000 prefilled vape kit,vaporesso dojo blast 6000 puffs vape kit,https://vapeonlinestore.co.uk/products/vaporesso-dojo-blast-6000-vape-kit,flavour,sweet grape,not listed on VOS,,4.99,https://www.vampirevape.co.uk/dojo-blast-6000-prefilled-vape-kit,high
vampirevape.co.uk,dojo blast 6000 prefilled vape kit,vaporesso dojo blast 6000 puffs vape kit,https://vapeonlinestore.co.uk/products/vaporesso-dojo-blast-6000-vape-kit,flavour,ten tangerines,not listed on VOS,,4.99,https://www.vampirevape.co.uk/dojo-blast-6000-prefilled-vape-kit,high
vampirevape.co.uk,dojo blast 6000 prefilled vape kit,vaporesso dojo blast 6000 puffs vape kit,https://vapeonlinestore.co.uk/products/vaporesso-dojo-blast-6000-vape-kit,flavour,watermelon ice,not listed on VOS,,4.99,https://www.vampirevape.co.uk/dojo-blast-6000-prefilled-vape-kit,high
