competitor,competitor_product,vos_product,vos_url,score,confidence,competitor_url
vapeshop.co.uk,Velo Pouches,velo nicotine pouches,https://vapeonlinestore.co.uk/products/velo-nicotine-pouches,1.0,high,https://vapeshop.co.uk/products/smooth-papaya-velo-nicotine-pouches
vapeshop.co.uk,oxva vprime 2 kit,oxva vprime 2 pod kit,https://vapeonlinestore.co.uk/products/oxva-vprime-2,1.0,high,https://vapeshop.co.uk/products/oxva-vprime-2-kit
vapeshop.co.uk,Fumi Pouches,fumi nicotine pouches,https://vapeonlinestore.co.uk/products/fumi-nicotine-pouches,1.0,high,https://vapeshop.co.uk/products/fiery-mint-fumi-nicotine-pouches
vapeshop.co.uk,Ske Bar 15000 Refill Pods,ske bar 15000 puff prefilled refill pods,https://vapeonlinestore.co.uk/products/ske-bar-15000-puff-refill-pod,1.0,high,https://vapeshop.co.uk/products/strawberry-hubbla-bubbla-ske-bar-15k-refill-pack
vapeshop.co.uk,Voopoo Pnp X Coils,Voopoo Pnp Coils,https://vapeonlinestore.co.uk/products/voopoo-pnp-replacement-coils,1.0,high,https://vapeshop.co.uk/products/voopoo-pnp-x-coils
vapeshop.co.uk,feoba pro plus 10k pods,feoba pro plus 10k prefilled pods,https://vapeonlinestore.co.uk/products/feoba-pro-plus-10k-pods,1.0,high,https://vapeshop.co.uk/products/foeba-pro-plus-10k-pods
vapeshop.co.uk,feoba pro plus 10k kit,feoba pro plus 10k prefilled pod kit,https://vapeonlinestore.co.uk/products/feoba-pro-plus-10k,1.0,high,https://vapeshop.co.uk/products/feoba-pro-plus-10k-kit
vapeshop.co.uk,Killa Pouches,killa nicotine pouches next day delivery,https://vapeonlinestore.co.uk/products/killa-nicotine-pouches,1.0,reviewed,https://vapeshop.co.uk/products/spearmint-killa-nicotine-pouches
vapeshop.co.uk,Pablo Pouches,pablo 50mg nicotine pouches,https://vapeonlinestore.co.uk/products/pablo-50mg-nicotine-pouches,1.0,high,https://vapeshop.co.uk/products/blueberry-peach-ice-pablo-nicotine-pouches
vapeshop.co.uk,Pablo Silver Edition Pouches,pablo silver edition nicotine pouches,https://vapeonlinestore.co.uk/products/pablo-silver-edition-nicotine-pouches,1.0,high,https://vapeshop.co.uk/products/spearmint-pablo-silver-edition-nicotine-pouches
vapeshop.co.uk,pro blue ivg smart max refill pack,Ivg Smart Max 10000 Puffs Prefilled Refill Pods,https://vapeonlinestore.co.uk/products/ivg-smart-max-pods,1.0,reviewed,https://vapeshop.co.uk/products/pro-blue-ivg-smart-max-refill-pack
vapeshop.co.uk,Dojo Blast 10000 Refill Pods,Vaporesso Dojo Blast 10000 Prefilled Pods,https://vapeonlinestore.co.uk/products/vaporesso-dojo-blast-10k-pods,1.0,high,https://vapeshop.co.uk/products/classic-tobacco-dojo-blast-10k-refill-pack
vapeshop.co.uk,dojo blast 30k pro kit,vaporesso dojo blast 30k pro pod kit,https://vapeonlinestore.co.uk/products/vaporesso-dojo-blast-30k-pro-pod-kit,1.0,high,https://vapeshop.co.uk/products/dojo-blast-30k-pro-kit
vapeshop.co.uk,drifter poco pro kit,drifter poco pro prefilled pod kit,https://vapeonlinestore.co.uk/products/drifter-poco-pro-pod-kit,1.0,high,https://vapeshop.co.uk/products/drifter-poco-pro-kit
vapeshop.co.uk,drifter poco pro pods,drifter poco pro prefilled pods,https://vapeonlinestore.co.uk/products/drifter-poco-pro-pods,1.0,high,https://vapeshop.co.uk/products/drifter-poco-pro-pods
vapeshop.co.uk,ske crystal plus pod kit,ske crystal plus prefilled vape pod kit,https://vapeonlinestore.co.uk/products/ske-crystal-plus-pod-kit,1.0,high,https://vapeshop.co.uk/products/ske-crystal-plus-pod-kit
vapeshop.co.uk,Ske Plus Pods,Ske Plus Prefilled Pods 20Mg,https://vapeonlinestore.co.uk/products/ske-crystal-plus-pre-filled-pods-20mg,1.0,high,https://vapeshop.co.uk/products/strawberry-burst-ske-crystal-plus-pods
vapeshop.co.uk,vaporesso vibe se 2 kit,vaporesso vibe se 2 pod kit,https://vapeonlinestore.co.uk/products/vaporesso-vibe-se-2-pod-kit,1.0,high,https://vapeshop.co.uk/products/vaporesso-vibe-se-2-kit
vapeshop.co.uk,oxva nexlim 2 kit,oxva nexlim 2 vape kit,https://vapeonlinestore.co.uk/products/oxva-nexlim-2-vape-kit,1.0,high,https://vapeshop.co.uk/products/oxva-nexlim-2-kit
vapeshop.co.uk,oxva nexlim 2 mini kit,oxva nexlim 2 mini vape kit,https://vapeonlinestore.co.uk/products/oxva-nexlim-2-mini-vape-kit,1.0,high,https://vapeshop.co.uk/products/oxva-nexlim-2-mini-kit
vapeshop.co.uk,geekvape aegis mini 5 kit,geekvape aegis mini 5 vape kit,https://vapeonlinestore.co.uk/products/geekvape-aegis-mini-5,1.0,high,https://vapeshop.co.uk/products/geekvape-aegis-mini-5-kit
vapeshop.co.uk,aspire pixo pods,aspire pixo 3ml pods pack of 2,https://vapeonlinestore.co.uk/products/aspire-pixo-pods,1.0,high,https://vapeshop.co.uk/products/aspire-pixo-replacement-pods
vapeshop.co.uk,aspire pixo max pod kit,aspire pixo max vape kit,https://vapeonlinestore.co.uk/products/aspire-pixo-max-vape-kit,1.0,high,https://vapeshop.co.uk/products/aspire-pixo-max-pod-kit
vapeshop.co.uk,Nic Salt,Oxva Ox Passion 10Ml Nic Salt E-Liquid,https://vapeonlinestore.co.uk/products/oxva-ox-passion-10ml-nic-salts-e-liquid,1.0,reviewed,https://vapeshop.co.uk/products/juicy-peach-ox-passion-nic-salt
vapeshop.co.uk,geekvape sonder q3 kit,geekvape sonder q3 pod vape kit,https://vapeonlinestore.co.uk/products/geekvape-sonder-q3-vape-kit,1.0,high,https://vapeshop.co.uk/products/geekvape-sonder-q3-kit
vapeshop.co.uk,vaporesso xros 6 kit,vaporesso xros 6 pod vape kit,https://vapeonlinestore.co.uk/products/vaporesso-xros-6-pod-kit,1.0,high,https://vapeshop.co.uk/products/vaporesso-xros-6-kit
vapeshop.co.uk,vaporesso xros 6 mini kit,vaporesso xros 6 mini pod vape kit,https://vapeonlinestore.co.uk/products/vaporesso-xros-6-mini-pod-kit,1.0,high,https://vapeshop.co.uk/products/vaporesso-xros-6-mini-kit
vapeshop.co.uk,smok nord 6 kit,smok nord 6 vape kit,https://vapeonlinestore.co.uk/products/smok-nord-6-vape-kit,1.0,high,https://vapeshop.co.uk/products/smok-nord-6-kit
vapeshop.co.uk,smok novo 6 kit,smok novo 6 pod vape kit,https://vapeonlinestore.co.uk/products/smok-novo-6-pod-kit,1.0,high,https://vapeshop.co.uk/products/smok-novo-6-kit
vapeshop.co.uk,smok novo 6 ultra kit,smok novo 6 ultra vape kit,https://vapeonlinestore.co.uk/products/smok-novo-6-ultra-vape-kit,1.0,high,https://vapeshop.co.uk/products/smok-novo-6-ultra-kit
vapeshop.co.uk,Lost Mary Bm6000 Refill Pods,Lost Mary Bm6000 Refill Pods,https://vapeonlinestore.co.uk/products/lost-mary-bm6000-prefilled-replacement-pods,1.0,high,https://vapeshop.co.uk/products/latte-lost-mary-bm6000-refill-pack
vapeshop.co.uk,vaporesso xros mini retro kit,vaporesso xros mini retro pod kit,https://vapeonlinestore.co.uk/products/vaporesso-xros-mini-retro-pod-kit,1.0,high,https://vapeshop.co.uk/products/vaporesso-xros-mini-retro-kit
vapeshop.co.uk,Vampire Vape Max Nic Salt,vampire vape max 10ml nic salts,https://vapeonlinestore.co.uk/products/vampire-vape-max-10ml,1.0,high,https://vapeshop.co.uk/products/orange-pineapple-vampire-vape-max-nic-salt
vapeshop.co.uk,elfbar elfx 2.0 pods,elf bar elfx 2.0 replacement pods,https://vapeonlinestore.co.uk/products/elf-bar-elfx-2-pods,1.0,high,https://vapeshop.co.uk/products/elfbar-elfx-2-0-pods
vapeshop.co.uk,Vuse Go Reload 1000 Kit,vuse go reload 1000 puffs pod kit,https://vapeonlinestore.co.uk/products/vuse-go-reload-1000-pod-kit,1.0,high,https://vapeshop.co.uk/products/cherry-ice-vuse-go-reload-1000-kit
vapeshop.co.uk,Nic Salt By Elux 10Ml,Elux Legend Nic Salt 10Ml E-Liquid,https://vapeonlinestore.co.uk/products/elux-legend-10ml-nic-salts,1.0,reviewed,https://vapeshop.co.uk/products/spearmint-nic-salt-by-elux-10ml
vapeshop.co.uk,voopoo argus g4 mini kit,voopoo argus g4 mini vape kit,https://vapeonlinestore.co.uk/products/voopoo-argus-g4-mini-vape-kit,1.0,high,https://vapeshop.co.uk/products/voopoo-argus-g4-mini-kit
vapeshop.co.uk,voopoo argus g4 kit,voopoo argus g4 vape kit,https://vapeonlinestore.co.uk/products/voopoo-argus-g4-vape-kit,1.0,high,https://vapeshop.co.uk/products/voopoo-argus-g4-kit
vapeshop.co.uk,aspire loomix pods,aspire loomix replacement pods,https://vapeonlinestore.co.uk/products/aspire-loomix-pods,1.0,high,https://vapeshop.co.uk/products/aspire-loomix-pods
vapeshop.co.uk,aspire loomix pod kit,aspire loomix vape pod kit,https://vapeonlinestore.co.uk/products/aspire-loomix-pod-kit,1.0,reviewed,https://vapeshop.co.uk/products/aspire-loomix-pod-kit
vapeshop.co.uk,Elf Bar 600 Pods,elf bar 600 prefilled pods,https://vapeonlinestore.co.uk/products/elf-bar-600-prefilled-pods,1.0,high,https://vapeshop.co.uk/products/grape-elfbar-600-pods
vapeshop.co.uk,Ivg Pro 12 Refill Pods,Ivg Pro 12 Prefilled Refill Pods,https://vapeonlinestore.co.uk/products/fresh-menthol-mojito-ivg-pro-12-pods,1.0,high,https://vapeshop.co.uk/products/pink-lemonade-ivg-pro-12-refill-pack
vapeshop.co.uk,Pixl 8000 Refill Pods,pixl 8000 prefilled pods pack of 1,https://vapeonlinestore.co.uk/products/pixl-8000-prefilled-pods,1.0,high,https://vapeshop.co.uk/products/watermelon-ice-pixl-8000-refill-pack
vapeshop.co.uk,Lost Mary Nera15000 Refill Pods,box of 10 lost mary nera 15k puffs prefilled replacement pods,https://vapeonlinestore.co.uk/products/box-of-10-lost-mary-nera-pods,1.0,high,https://vapeshop.co.uk/products/blueberry-sour-raspberry-lost-mary-nera15k-refill-pack
vapeshop.co.uk,lost mary nera15k kit,lost mary nera 15k prefilled pod kit,https://vapeonlinestore.co.uk/products/lost-mary-nera-15k,1.0,high,https://vapeshop.co.uk/products/lost-mary-nera15k-kit
vapeshop.co.uk,Lost Mary Tappo Pods,lost mary tappo prefilled replacement pods pack of 2,https://vapeonlinestore.co.uk/products/lost-mary-tappo-prefilled-replacement-pods,1.0,high,https://vapeshop.co.uk/products/strawberry-ice-lost-mary-tappo-pods
vapeshop.co.uk,oxva xlim go lite kit,oxva xlim go lite pod kit,https://vapeonlinestore.co.uk/products/oxva-xlim-go-lite-pod-kit,1.0,high,https://vapeshop.co.uk/products/oxva-xlim-go-lite-kit
vapeshop.co.uk,Elfliq Nic Salt By Elf Bar 10Ml,Elf Bar Elfliq 10Ml Nic Salt,https://vapeonlinestore.co.uk/products/elfliq-10ml-e-liquid-nic-salts,1.0,high,https://vapeshop.co.uk/products/blueberry-cherry-cranberry-elfliq-nic-salt-by-elfbar-10ml
vapeshop.co.uk,Nic Salt By Hayati Pro Max 10Ml,Hayati Pro Max 10Ml Nic Salt E-Liquid,https://vapeonlinestore.co.uk/products/blueberry-raspberry-hayati-pro-max-10ml,1.0,high,https://vapeshop.co.uk/products/bubblegum-ice-nic-salt-by-hayati-pro-max-10ml
vapeshop.co.uk,Pablo Gold Edition Pouches,pablo golden edition nicotine pouches,https://vapeonlinestore.co.uk/products/pablo-golden-edition-nicotine-pouches,1.0,reviewed,https://vapeshop.co.uk/products/white-mint-pablo-gold-edition-nicotine-pouches
vapeshop.co.uk,Ske Cl6000 Pods,ske crystal cl6000 replacement pods pack of 1,https://vapeonlinestore.co.uk/products/ske-crystal-cl6000-pods,1.0,high,https://vapeshop.co.uk/products/peach-mango-watermelon-ske-crystal-cl6000-pods
vapeshop.co.uk,Slim Stick Cartridges By Oxva,oxva slimstick prefilled pods,https://vapeonlinestore.co.uk/products/oxva-slimstick-prefilled-pods,1.0,reviewed,https://vapeshop.co.uk/products/mint-slim-stick-cartridges-by-oxva
vapeshop.co.uk,Lost Mary Bm600 Pods,lost mary bm600 prefilled replacement pods pack of 2,https://vapeonlinestore.co.uk/products/lost-mary-bm600-prefilled-pods,1.0,high,https://vapeshop.co.uk/products/cherry-peach-lemonade-lost-mary-bm600-pods
vapeshop.co.uk,vaporesso xros 5 mini kit,vaporesso xros 5 mini pod vape kit,https://vapeonlinestore.co.uk/products/vaporesso-xros-5-mini,1.0,high,https://vapeshop.co.uk/products/vaporesso-xros-5-mini-kit
vapeshop.co.uk,Blu Bar Pods,blu bar prefilled refill pods,https://vapeonlinestore.co.uk/products/blu-bar-pods,1.0,high,https://vapeshop.co.uk/products/mint-blu-bar-pods
vapeshop.co.uk,elfbar plus 12 kit,elf bar plus 12000 prefilled pod kit,https://vapeonlinestore.co.uk/products/elf-bar-plus-12000,1.0,reviewed,https://vapeshop.co.uk/products/elfbar-plus-12-kit
vapeshop.co.uk,voopoo drag 6 kit,voopoo drag 6 vape kit,https://vapeonlinestore.co.uk/products/voopoo-drag-6-vape-kit,1.0,high,https://vapeshop.co.uk/products/voopoo-drag-6-kit
vapeshop.co.uk,Nic Salt By Dinner Lady Dessert Bar Range,dinner lady dessert bar salts 5mg 10ml nic salts,https://vapeonlinestore.co.uk/products/dinner-lady-dessert-bar-salts-5mg-10ml,1.0,reviewed,https://vapeshop.co.uk/products/pistachio-gelato-nic-salt-by-dinner-lady-dessert-bar-range
vapeshop.co.uk,Ox Passion Nic Salt,Oxva Ox Passion 10Ml Nic Salt E-Liquid,https://vapeonlinestore.co.uk/products/oxva-ox-passion-10ml-nic-salts-e-liquid,1.0,reviewed,https://vapeshop.co.uk/products/lychee-ice-ox-passion-nic-salt
vapeshop.co.uk,vampire vape 10k refill pack,vampire vape 10k prefilled pods,https://vapeonlinestore.co.uk/products/vampire-vape-10k-pods,1.0,high,https://vapeshop.co.uk/products/vampire-vape-10k-refill-pack
vapeshop.co.uk,vampire vape 10k kit,vampire vape 10k prefilled pod kit,https://vapeonlinestore.co.uk/products/vampire-vape-10k,1.0,high,https://vapeshop.co.uk/products/vampire-vape-10k-kit
vapeshop.co.uk,Nic Salt By Ivg Intense,ivg intense 10ml nic salts,https://vapeonlinestore.co.uk/products/ivg-intense-10ml-nic-salts,1.0,high,https://vapeshop.co.uk/products/forest-berries-ice-nic-salt-by-ivg-intense
vapeshop.co.uk,uwell caliburn g5 lite kit,uwell caliburn g5 lite pod vape kit,https://vapeonlinestore.co.uk/products/uwell-caliburn-g5-lite,1.0,high,https://vapeshop.co.uk/products/uwell-caliburn-g5-lite-kit
vapeshop.co.uk,voopoo vinci s kit,voopoo vinci s vape pod kit,https://vapeonlinestore.co.uk/products/voopoo-vinci-s-vape-pod-kit,1.0,high,https://vapeshop.co.uk/products/voopoo-vinci-s-kit
vapeshop.co.uk,Lost Mary Nic Salt,Lost Mary Nic Salt 10Ml E-Liquid,https://vapeonlinestore.co.uk/products/lost-mary-salts-10ml,1.0,high,https://vapeshop.co.uk/products/mr-blue-lost-mary-nic-salt
vapeshop.co.uk,ske bar kit,Ske Bar 600 Compliant Prefilled Pods Kit,https://vapeonlinestore.co.uk/products/crystal-bar-600-puffs-20mg-disposable-vape-device,1.0,reviewed,https://vapeshop.co.uk/products/ske-bar-kit
vapeshop.co.uk,vaporesso gti dual mesh coils,vaporesso gti replacement mesh coils pack of 5,https://vapeonlinestore.co.uk/products/gti-replacement-mesh-coils-5-pack-by-vaporesso,1.0,reviewed,https://vapeshop.co.uk/products/vaporesso-g-ti-dual-mesh-coils
vapeshop.co.uk,uwell caliburn gpp pods,uwell caliburn gpp replacement pods,https://vapeonlinestore.co.uk/products/uwell-caliburn-gpp-replacement-pods,1.0,high,https://vapeshop.co.uk/products/uwell-caliburn-gpp-pods
vapeshop.co.uk,vaporesso xros 5 nano kit,vaporesso xros 5 nano pod kit,https://vapeonlinestore.co.uk/products/vaporesso-xros-5-nano,1.0,high,https://vapeshop.co.uk/products/vaporesso-xros-5-nano-kit
vapeshop.co.uk,pyne pod click 50k kit,Pyne Pod Click 50000 Prefilled Pods Kit,https://vapeonlinestore.co.uk/products/pyne-pod-click-50k,1.0,high,https://vapeshop.co.uk/products/pyne-pod-click-50k-kit
vapeshop.co.uk,Nic Salt By Bar Juice 5000,Bar Juice 5000 Nic Salt E-Liquid,https://vapeonlinestore.co.uk/products/apple-peach-bar-juice-5000,1.0,high,https://vapeshop.co.uk/products/strawberry-raspberry-blueberry-nic-salt-by-bar-juice-5000
vapeshop.co.uk,higo bb 4000 refill pack,higo bb 4000 refill pods,https://vapeonlinestore.co.uk/products/higo-bb-4000-pods,1.0,high,https://vapeshop.co.uk/products/higo-bb-4000-refill-pack
vapeshop.co.uk,higo bb 4000 vape kit,higo bb 4000 vape kit,https://vapeonlinestore.co.uk/products/higo-bb-4000-vape-kit,1.0,high,https://vapeshop.co.uk/products/higo-bb-4000-vape-kit
vapeshop.co.uk,voopoo argus p3 kit,voopoo argus p3 vape kit,https://vapeonlinestore.co.uk/products/voopoo-argus-p3-vape-kit,1.0,high,https://vapeshop.co.uk/products/voopoo-argus-p3-kit
vapeshop.co.uk,titan pro 15k refill pack,titan pro 15k refill pod,https://vapeonlinestore.co.uk/products/titan-pro-15k-refill-pod,1.0,high,https://vapeshop.co.uk/products/titan-pro-15k-refill-pack
vapeshop.co.uk,titan pro 15k kit,titan pro 15k puffs prefilled pod kit,https://vapeonlinestore.co.uk/products/titan-pro-15k,1.0,high,https://vapeshop.co.uk/products/titan-pro-15k-kit
vapeshop.co.uk,Nordic Spirit Pouches,nordic spirit nicotine pouches,https://vapeonlinestore.co.uk/products/nordic-spirit-nicotine-pouches,1.0,high,https://vapeshop.co.uk/products/melon-nordic-spirit-nicotine-pouches
vapeshop.co.uk,ivg reload mini kit,ivg reload mini prefilled pod kit,https://vapeonlinestore.co.uk/products/ivg-reload-mini-prefilled-pod-kit,1.0,high,https://vapeshop.co.uk/products/ivg-reload-mini-kit
vapeshop.co.uk,ske bar 15k kit,ske bar 15k prefilled pod kit,https://vapeonlinestore.co.uk/products/ske-bar-15k-prefilled-pod-kit,1.0,high,https://vapeshop.co.uk/products/ske-bar-15k-kit
vapeshop.co.uk,voopoo pnp x pods,Voopoo Pnp X Refill Pods,https://vapeonlinestore.co.uk/products/pnp-x-replacement-pod-by-voopoo,1.0,high,https://vapeshop.co.uk/products/voopoo-pnp-x-pods
vapeshop.co.uk,voopoo drag s3 kit,voopoo drag s3 vape kit,https://vapeonlinestore.co.uk/products/voopoo-drag-s3-vape-kit,1.0,high,https://vapeshop.co.uk/products/voopoo-drag-s3-kit
vapeshop.co.uk,oxva xlim 3 ultra kit,oxva xlim 3 ultra kit,https://vapeonlinestore.co.uk/products/oxva-xlim-3-ultra-kit,1.0,high,https://vapeshop.co.uk/products/oxva-xlim-3-ultra-kit
vapeshop.co.uk,oxva xlim pro 3 kit,oxva xlim pro 3 pod kit,https://vapeonlinestore.co.uk/products/oxva-xlim-pro-3,1.0,high,https://vapeshop.co.uk/products/oxva-xlim-pro-3-kit
vapeshop.co.uk,Nic Salt By Vampire Vape,Vampire Vape 10Ml E-Liquid,https://vapeonlinestore.co.uk/products/pack-of-10-vampire-vape-10ml-e-liquid,1.0,high,https://vapeshop.co.uk/products/white-chocolate-hazelnut-tobacco-nic-salt-by-vampire-vape
vapeshop.co.uk,Uwell Viscore Pro Plus Refill Pods,uwell viscore pro+ prefilled refill pods,https://vapeonlinestore.co.uk/products/uwell-viscore-pro-plus-pods,1.0,high,https://vapeshop.co.uk/products/red-apple-ice-uwell-viscore-pro-refill-pack
vapeshop.co.uk,vaporesso xros corex 3.0 pods,vaporesso xros corex 3.0 replacement pods,https://vapeonlinestore.co.uk/products/vaporesso-xros-corex-3-0-replacement-pods,1.0,high,https://vapeshop.co.uk/products/vaporesso-xros-corex-3-0-pods
vapeshop.co.uk,vaporesso xros pro 2 kit,vaporesso xros pro 2 pod vape kit,https://vapeonlinestore.co.uk/products/vaporesso-xros-pro-2,1.0,high,https://vapeshop.co.uk/products/vaporesso-xros-pro-2-kit
vapeshop.co.uk,ivg xl35 kit,ivg xl 35k prefilled pod kit,https://vapeonlinestore.co.uk/products/ivg-xl-35k-prefilled-pod-kit,1.0,reviewed,https://vapeshop.co.uk/products/ivg-xl35-kit
vapeshop.co.uk,titan x kit,Titan Prefilled Pods Kit,https://vapeonlinestore.co.uk/products/box-of-10-titan-10000,1.0,high,https://vapeshop.co.uk/products/titan-x-kit
vapeshop.co.uk,Nic Salt By Angel,angel 10ml nic salts,https://vapeonlinestore.co.uk/products/angel-10ml,1.0,high,https://vapeshop.co.uk/products/lemon-breeze-nic-salt-by-angel
vapeshop.co.uk,oxva xlim go 2 kit,oxva xlim go 2 pod vape kit,https://vapeonlinestore.co.uk/products/oxva-xlim-go-2,1.0,high,https://vapeshop.co.uk/products/oxva-xlim-go-2-kit
vapeshop.co.uk,hayati quokka lite kit,hayati quokka lite pod kit,https://vapeonlinestore.co.uk/products/hayati-quokka-lite-vape-kit,1.0,high,https://vapeshop.co.uk/products/hayati-quokka-lite-kit
vapeshop.co.uk,hayati quokka pro kit,hayati quokka pro pod kit,https://vapeonlinestore.co.uk/products/hayati-quokka-pro-vape-kit,1.0,high,https://vapeshop.co.uk/products/hayati-quokka-pro-kit
vapeshop.co.uk,hayati quokka pods,hayati quokka replacement pods – 0.6ω/0.8ω/1.2ω side-fill,https://vapeonlinestore.co.uk/products/hayati-quokka-pods,1.0,reviewed,https://vapeshop.co.uk/products/hayati-quokka-pods
vapeshop.co.uk,hayati quokka elite kit,hayati quokka elite pod kit,https://vapeonlinestore.co.uk/products/hayati-quokka-elite-pod-kit,1.0,high,https://vapeshop.co.uk/products/hayati-quokka-elite-kit
vapeshop.co.uk,pixl 8000 kit,pixl 8000 prefilled pod vape kit,https://vapeonlinestore.co.uk/products/pixl-8000,1.0,high,https://vapeshop.co.uk/products/pixl-8000-kit
vapeshop.co.uk,oxva slim stick kit,oxva slimstick prefilled pod kit,https://vapeonlinestore.co.uk/products/oxva-slimstick-prefilled-pod-kit,1.0,reviewed,https://vapeshop.co.uk/products/oxva-slim-stick-kit
vapeshop.co.uk,B Gum Hayati Mini Ultra Refill Pods,hayati mini ultra 1500 puff prefilled replacement pods,https://vapeonlinestore.co.uk/products/hayati-mini-ultra-1500-pods,1.0,reviewed,https://vapeshop.co.uk/products/straw-watermelon-b-gum-hayati-mini-ultra-refill-pack
vapeshop.co.uk,blueberry cotton k hayati mini ultra refill pack,hayati mini ultra 1500 puff prefilled replacement pods,https://vapeonlinestore.co.uk/products/hayati-mini-ultra-1500-pods,1.0,reviewed,https://vapeshop.co.uk/products/blueberry-cotton-k-hayati-mini-ultra-refill-pack
vapeshop.co.uk,Nic Salt By Doozy Infinity,doozy vape infinity 5mg 10ml nic salts,https://vapeonlinestore.co.uk/products/doozy-vape-infinity-5mg-10ml,1.0,high,https://vapeshop.co.uk/products/pineapple-raspberry-nic-salt-by-doozy-infinity
vapeshop.co.uk,oxva nexlim go kit,oxva nexlim go pod vape kit,https://vapeonlinestore.co.uk/products/oxva-nexlim-go-kit,1.0,high,https://vapeshop.co.uk/products/oxva-nexlim-go-kit
vapeshop.co.uk,voopoo argus matrix kit,voopoo argus matrix pod kit,https://vapeonlinestore.co.uk/products/voopoo-argus-matrix-pod-kit,1.0,high,https://vapeshop.co.uk/products/voopoo-argus-matrix-kit
vapeshop.co.uk,Elf Bar Plus 50 Refill Pods,elf bar plus 50 prefilled pods,https://vapeonlinestore.co.uk/products/elf-bar-plus-50-pods,1.0,high,https://vapeshop.co.uk/products/blueberry-sour-raspberry-elfbar-plus-50-refill-pack
vapeshop.co.uk,vuse ultra device kit,vuse ultra vape kit,https://vapeonlinestore.co.uk/products/vuse-ultra-vape-kit,1.0,high,https://vapeshop.co.uk/products/vuse-ultra-device-kit
vapeshop.co.uk,Nic Salt By Seriously Bar Salts,seriously bar salts 10ml juice,https://vapeonlinestore.co.uk/products/seriously-bar-salts-10ml-juice,1.0,high,https://vapeshop.co.uk/products/watermelon-ice-nic-salt-by-seriously-bar-salts
vapeshop.co.uk,Ske 600 Pro Pods,ske 600 pro prefilled replacement pods,https://vapeonlinestore.co.uk/products/ske-600-pro-pre-filled-pods,1.0,high,https://vapeshop.co.uk/products/watermelon-burst-ske-600-pro-pods
vapeshop.co.uk,Nic Salt By Lost Vape,lost vape 10ml nic salts,https://vapeonlinestore.co.uk/products/lost-vape-10ml-nic-salts,1.0,high,https://vapeshop.co.uk/products/sour-fruit-medley-nic-salt-by-lost-vape
vapeshop.co.uk,vaporesso luxe xr max 2 kit,vaporesso luxe xr max 2 kit,https://vapeonlinestore.co.uk/products/vaporesso-luxe-xr-max-2-kit,1.0,high,https://vapeshop.co.uk/products/vaporesso-luxe-xr-max-2-kit
vapeshop.co.uk,lost vape ursa v3 pods,lost vape ursa v3 replacement pods pack of 3,https://vapeonlinestore.co.uk/products/lost-vape-ursa-v3-replacement-pods,1.0,high,https://vapeshop.co.uk/products/lost-vape-ursa-v3-pods
vapeshop.co.uk,voopoo vinci e pods,voopoo vinci replacement pods pack of 3,https://vapeonlinestore.co.uk/products/voopoo-vinci-replacement-pods,1.0,high,https://vapeshop.co.uk/products/voopoo-vinci-e-pods
vapeshop.co.uk,summo ultra1 pro kit,summo ultra 1 pro pod vape kit,https://vapeonlinestore.co.uk/products/summo-ultra-1-pro-pod-vape-kit,1.0,high,https://vapeshop.co.uk/products/summo-ultra1-pro-kit
vapeshop.co.uk,summo ultra1 dual mesh pods,summo ultra1 dual mesh pods,https://vapeonlinestore.co.uk/products/summo-ultra1-dual-mesh-pods,1.0,high,https://vapeshop.co.uk/products/summo-ultra1-dual-mesh-pods
vapeshop.co.uk,By Vampire Vape,Vampire Vape 10Ml E-Liquid,https://vapeonlinestore.co.uk/products/pack-of-10-vampire-vape-10ml-e-liquid,1.0,high,https://vapeshop.co.uk/products/kiwi-cooler-by-vampire-vape
vapeshop.co.uk,lost mary nera30k kit,Lost Mary Nera 30000 Puffs Pod Kit,https://vapeonlinestore.co.uk/products/box-of-10-lost-mary-nera-30k,1.0,high,https://vapeshop.co.uk/products/lost-mary-nera30k-kit
vapeshop.co.uk,oxva xlim pro 2 dna kit,oxva xlim pro 2 dna pod vape kit,https://vapeonlinestore.co.uk/products/oxva-xlim-pro-2-dna,1.0,high,https://vapeshop.co.uk/products/oxva-xlim-pro-2-dna-kit
vapeshop.co.uk,voopoo argus g3 mini kit,voopoo argus g3 mini pod kit,https://vapeonlinestore.co.uk/products/voopoo-argus-g3-mini,1.0,high,https://vapeshop.co.uk/products/voopoo-argus-g3-mini-kit
vapeshop.co.uk,innokin ne-mo vape kit,innokin ne-mo vape pod kit,https://vapeonlinestore.co.uk/products/innokin-ne-mo-pod-kit,1.0,high,https://vapeshop.co.uk/products/innokin-ne-mo-vape-kit
vapeshop.co.uk,Nic Salt By Ske,Ske Nic Salt 10Ml E-Liquid,https://vapeonlinestore.co.uk/products/ske-crystal-salts-10ml,1.0,high,https://vapeshop.co.uk/products/banana-ice-nic-salt-by-ske-crystal
vapeshop.co.uk,oxva xlim ez pods,oxva xlim ez replacement pods,https://vapeonlinestore.co.uk/products/oxva-xlim-ez-replacement-pods,1.0,high,https://vapeshop.co.uk/products/oxva-xlim-ez-pods
vapeshop.co.uk,Riot Bar Edtn Nic Salt 10Ml,Riot Squad Bar Edition Nic Salt 10Ml 5Mg E-Liquid,https://vapeonlinestore.co.uk/products/riot-squad-bar-edition-nic-salt-10ml-5mg-e-liquids,1.0,reviewed,https://vapeshop.co.uk/products/strawberry-peach-razz-riot-bar-edtn-nic-salt-10ml
vapeshop.co.uk,dojo blast 10k pod kit,Vaporesso Dojo Blast 10000 Prefilled Pods Vape Kit,https://vapeonlinestore.co.uk/products/vaporesso-dojo-blast-10k,1.0,high,https://vapeshop.co.uk/products/dojo-blast-10k-pod-kit
vapeshop.co.uk,Nic Salt By Drifter Bar Salts 10Ml,drifter bar salts 5mg 10ml nic salt,https://vapeonlinestore.co.uk/products/drifter-bar-salts-5mg-10ml,1.0,high,https://vapeshop.co.uk/products/peach-ice-nic-salt-by-drifter-bar-salts-10ml
vapeshop.co.uk,vaporesso xros 5 vape kit,vaporesso xros 5 pod vape kit,https://vapeonlinestore.co.uk/products/vaporesso-xros-5,1.0,high,https://vapeshop.co.uk/products/vaporesso-xros-5-vape-kit
vapeshop.co.uk,oxva xlim sq pro 2 kit,oxva xlim sq pro 2 pod vape kit,https://vapeonlinestore.co.uk/products/oxva-xlim-sq-pro-2-pod-vape-kit,1.0,high,https://vapeshop.co.uk/products/oxva-xlim-sq-pro-2-kit
vapeshop.co.uk,hayati pro ultra plus 25000 pod kit,Hayati Pro Ultra Plus 25000 Prefilled Pods Kit,https://vapeonlinestore.co.uk/products/hayati-pro-ultra,1.0,high,https://vapeshop.co.uk/products/hayati-pro-ultra-plus-25000-pod-kit
vapeshop.co.uk,vaporesso vibe dual mesh smart pod,vaporesso vibe dual smart replacement pods,https://vapeonlinestore.co.uk/products/vaporesso-vibe-dual-smart-replacement-pods,1.0,high,https://vapeshop.co.uk/products/vaporesso-vibe-dual-mesh-smart-pod
vapeshop.co.uk,vaporesso vibe kit,vaporesso vibe vape kit,https://vapeonlinestore.co.uk/products/vaporesso-vibe-vape-kit,1.0,high,https://vapeshop.co.uk/products/vaporesso-vibe-kit
vapeshop.co.uk,voopoo argus g3 kit,voopoo argus g3 pod vape kit,https://vapeonlinestore.co.uk/products/voopoo-argus-g3,1.0,high,https://vapeshop.co.uk/products/voopoo-argus-g3-kit
vapeshop.co.uk,Edition Pixl Duo 12 Refill Pods,pixl duo 12 replacement pods,https://vapeonlinestore.co.uk/products/pixl-duo-12-replacement-pods,1.0,high,https://vapeshop.co.uk/products/yellow-edition-pixl-duo-12-refill-pack
vapeshop.co.uk,vapes bars angel 20k vape kit,Vapes Bars Angel 20000 Pod Kit Prefilled And Reusable,https://vapeonlinestore.co.uk/products/vapes-bars-angel-20000-puff-vape,1.0,high,https://vapeshop.co.uk/products/vapes-bars-angel-20k-vape-kit
vapeshop.co.uk,Titan Nic Salt,titan salts 10ml nic e-liquid,https://vapeonlinestore.co.uk/products/titan-salts-10ml-nic-e-liquid,1.0,reviewed,https://vapeshop.co.uk/products/watermelon-ice-titan-nic-salt
vapeshop.co.uk,innokin pzpulse replacement pod,innokin pzpulse empty replacement pod,https://vapeonlinestore.co.uk/products/innokin-pzpulse-replacement-pod,1.0,high,https://vapeshop.co.uk/products/innokin-pzpulse-replacement-pod
vapeshop.co.uk,Elux Legend 1500 Pods,elux legend 1500 puffs replacement pods,https://vapeonlinestore.co.uk/products/elux-legend-1500-pods,1.0,high,https://vapeshop.co.uk/products/cherry-lime-elux-legend-1500-pods
vapeshop.co.uk,elux legend 1500 2in1 kit,Elux Legend 1500 Puffs Vape Kit,https://vapeonlinestore.co.uk/products/elux-legend-1500-puffs-pack-of-5,1.0,reviewed,https://vapeshop.co.uk/products/elux-legend-1500-kit
vapeshop.co.uk,lost mary bm6000 vape kit,Lost Mary Bm6000 Prefilled Pods Vape Kit,https://vapeonlinestore.co.uk/products/triple-mango-lost-mary-bm6000,1.0,high,https://vapeshop.co.uk/products/lost-mary-bm6000-vape-kit
vapeshop.co.uk,hayati pro max plus 6000 puffs,Hayati Pro Max Plus 6000 Prefilled Pods Kit,https://vapeonlinestore.co.uk/products/hayati-pro-max-plus-6000,1.0,high,https://vapeshop.co.uk/products/hayati-pro-max-6000-puffs
vapeshop.co.uk,Mini Zyn Pouches,zyn nicotine pouches,https://vapeonlinestore.co.uk/products/zyn-nicotine-pouches,1.0,reviewed,https://vapeshop.co.uk/products/black-cherry-mini-zyn-nicotine-pouches
vapeshop.co.uk,avomi cliq 6000 puff vape kit,avomi cliq 6000 puff pod vape kit,https://vapeonlinestore.co.uk/products/avomi-cliq-6000,1.0,high,https://vapeshop.co.uk/products/avomi-cliq-6000-puff-vape-kit
vapeshop.co.uk,oxva nexlim pods,oxva nexlim replacement pods pack of 3,https://vapeonlinestore.co.uk/products/oxva-nexlim-replacement-pods,1.0,high,https://vapeshop.co.uk/products/oxva-nexlim-pods
vapeshop.co.uk,Ivg Savr Refill Pods,ivg savr prefilled pods pack of 1,https://vapeonlinestore.co.uk/products/ivg-savr-prefilled-pods,1.0,high,https://vapeshop.co.uk/products/strawberry-watermelon-ivg-savr-refill-pack
vapeshop.co.uk,voopoo argus z2 vape kit,voopoo argus z2 vape kit,https://vapeonlinestore.co.uk/products/voopoo-argus-z2-vape-kit,1.0,high,https://vapeshop.co.uk/products/voopoo-argus-z2-vape-kit
vapeshop.co.uk,Nic Salt By Seriously Tropical 10Ml,Doozy Vape Seriously Tropical 10Ml Nic Salt E-Liquid,https://vapeonlinestore.co.uk/products/doozy-vape-seriously-tropical-10ml-nic-salts,1.0,high,https://vapeshop.co.uk/products/kiwi-guava-ice-nic-salt-by-seriously-tropical-10ml
vapeshop.co.uk,elfbar 600 prefilled pod kit,Elf Bar 600 Puffs 20Mg Reusable Vape Pod Kit,https://vapeonlinestore.co.uk/products/elf-bar-600-puffs-disposable-vape,1.0,high,https://vapeshop.co.uk/products/elfbar-600-prefilled-pod-kit
vapeshop.co.uk,ske 600 pro prefilled pod kit,ske crystal pro 600 puffs 20mg reusable vape pod kit,https://vapeonlinestore.co.uk/products/ske-crystal-pro-600,1.0,high,https://vapeshop.co.uk/products/ske-600-pro-prefilled-pod-kit
vapeshop.co.uk,lost mary bm600 prefilled pod kit,Lost Mary Bm600 Prefilled Reusable Pod Kit,https://vapeonlinestore.co.uk/products/lost-mary-bm600-disposable-vape,1.0,high,https://vapeshop.co.uk/products/lost-mary-bm600-prefilled-pod-kit
vapeshop.co.uk,Nic Salt By Alka Mist 10Ml,alka mist 10ml nic salts,https://vapeonlinestore.co.uk/products/alka-mist-10ml,1.0,high,https://vapeshop.co.uk/products/strawberry-vanilla-nic-salt-by-alka-mist-10ml
vapeshop.co.uk,oxva vprime vape kit,oxva v prime kit pod kit 2600mah,https://vapeonlinestore.co.uk/products/oxva-v-prime-kit-pod-kit,1.0,reviewed,https://vapeshop.co.uk/products/oxva-vprime-vape-kit
vapeshop.co.uk,oxva vprime replacement pods,oxva vprime replacement pods pack of 2,https://vapeonlinestore.co.uk/products/oxva-vprime-replacement-pods,1.0,high,https://vapeshop.co.uk/products/oxva-vprime-replacement-pods
vapeshop.co.uk,Bar Salts By Vampire Vape,vampire vape bar salts 10ml e-liquid juice,https://vapeonlinestore.co.uk/products/vampire-vape-bar-salts-10ml,1.0,high,https://vapeshop.co.uk/products/cherry-raspberry-apple-bar-salts-by-vampire-vape
vapeshop.co.uk,vaporesso luxe x corex 2.0 replacement pods,vaporesso luxe x corex 2.0 replacement pods,https://vapeonlinestore.co.uk/products/vaporesso-luxe-x-corex-2-0-pods,1.0,high,https://vapeshop.co.uk/products/vaporesso-luxe-x-corex-2-0-replacement-pods
vapeshop.co.uk,ivg 2400 rechargeable vape kit,Ivg 2400 Puffs Disposable Kit,https://vapeonlinestore.co.uk/products/grape-ice-ivg-2400,1.0,high,https://vapeshop.co.uk/products/ivg-2400-rechargeable-vape-kit
vapeshop.co.uk,vaporesso armour g series pods,vaporesso armour g / gs replacement pods pack of 2,https://vapeonlinestore.co.uk/products/vaporesso-armour-g-gs-replacement-pods,1.0,reviewed,https://vapeshop.co.uk/products/vaporesso-armour-g-series-pods
vapeshop.co.uk,aquavape innokin endura vcap pods,innokin vcap replacement 2ml pods,https://vapeonlinestore.co.uk/products/innokin-vcap-replacement-pods,1.0,reviewed,https://vapeshop.co.uk/products/aquavape-innokin-endura-vcap-pods
vapeshop.co.uk,aquavape innokin endura v kit,Innokin Endura 5 Pod Kit,https://vapeonlinestore.co.uk/products/innokin-endura-v-pod-kit,1.0,reviewed,https://vapeshop.co.uk/products/aquavape-innokin-endura-v-kit
vapeshop.co.uk,Edition Elf Bar 4In1 Pods,Elf Bar 4In1 Prefilled Pods,https://vapeonlinestore.co.uk/products/elf-bar-4in1-prefilled-pods,1.0,high,https://vapeshop.co.uk/products/ice-drinks-edition-elfbar-4in1-pods
vapeshop.co.uk,elfbar 4in1 vape kit,elf bar 4 in 1 vape pod kit,https://vapeonlinestore.co.uk/products/elf-bar-4-in-1-vape-pod-kit,1.0,high,https://vapeshop.co.uk/products/elfbar-4in1-vape-kit
vapeshop.co.uk,oxva xlim pro 2 vape kit,oxva xlim pro 2 pod vape kit,https://vapeonlinestore.co.uk/products/oxva-xlim-pro-2-pod-vape-kit,1.0,high,https://vapeshop.co.uk/products/oxva-xlim-pro-2-vape-kit
vapeshop.co.uk,Nic Salt By Aqua Salts 10Ml,aquavape 10ml nic salts,https://vapeonlinestore.co.uk/products/aquavape-10ml-nic-salts,1.0,reviewed,https://vapeshop.co.uk/products/blue-sour-raspberry-nic-salt-by-aqua-salts-10ml
vapeshop.co.uk,Melta Nicotine Strips,melta nicotine strips,https://vapeonlinestore.co.uk/products/melta-nicotine-strips,1.0,reviewed,https://vapeshop.co.uk/products/vanilla-melta-nicotine-strips
vapeshop.co.uk,aspire flexus pro pods,aspire flexus pro replacement pods,https://vapeonlinestore.co.uk/products/aspire-flexus-pro-replacement-pods,1.0,high,https://vapeshop.co.uk/products/aspire-flexus-pro-pods
vapeshop.co.uk,ivg air 4 in 1 vape kit,ivg air 4-in-1 prefilled pod vape kit,https://vapeonlinestore.co.uk/products/ivg-air-4-in-1-prefilled-pod-vape-kit,1.0,high,https://vapeshop.co.uk/products/ivg-air-4-in-1-vape-kit
vapeshop.co.uk,ivg air 2 in 1 vape kit,ivg air 2 in 1 pre-filled pod vape kit 2 flavour vape,https://vapeonlinestore.co.uk/products/ivg-air-2-in-1-pod-kit,1.0,high,https://vapeshop.co.uk/products/ivg-air-2-in-1-vape-kit
vapeshop.co.uk,Ivg Air Refill Pods,ivg air pods 20mg prefilled,https://vapeonlinestore.co.uk/products/ivg-air-pods,1.0,high,https://vapeshop.co.uk/products/grape-ice-ivg-air-replacement-pods
vapeshop.co.uk,oxva xlim go pod kit,oxva xlim go pod starter kit,https://vapeonlinestore.co.uk/products/oxva-xlim-go-pod-kit,1.0,high,https://vapeshop.co.uk/products/oxva-xlim-go-pod-kit
vapeshop.co.uk,vaporesso xros corex 2.0 replacement pods,vaporesso xros corex 2.0 replacement pods,https://vapeonlinestore.co.uk/products/vaporesso-xros-pods-pack-of-2,1.0,high,https://vapeshop.co.uk/products/vaporesso-xros-corex-2-0-replacement-pods
vapeshop.co.uk,voopoo pnp ii replacement pods,voopoo pnp ii replacement pods,https://vapeonlinestore.co.uk/products/voopoo-pnp-ii-replacement-pod,1.0,high,https://vapeshop.co.uk/products/voopoo-pnp-ii-replacement-pods
vapeshop.co.uk,elfbar elfa refillable pods,elf bar elfa refillable pods,https://vapeonlinestore.co.uk/products/elf-bar-elfa-refillable-pods,1.0,high,https://vapeshop.co.uk/products/elf-bar-elfa-refillable-pods
vapeshop.co.uk,vaporesso xros pro kit,Vaporesso Xros Pro Pod Vape Kit,https://vapeonlinestore.co.uk/products/vaporesso-xros-pro-pod-kit,1.0,high,https://vapeshop.co.uk/products/vaporesso-xros-pro-kit
vapeshop.co.uk,geekvape sonder q kit,geekvape sonder q pod vape kit,https://vapeonlinestore.co.uk/products/geekvape-sonder-q-pod-kit,1.0,high,https://vapeshop.co.uk/products/geekvape-sonder-q-kit
vapeshop.co.uk,vaporesso xtank pod,vaporesso x tank replacement pod,https://vapeonlinestore.co.uk/products/x-tank-pod-by-vaporesso,1.0,reviewed,https://vapeshop.co.uk/products/vaporesso-xtank-pod
vapeshop.co.uk,Nic Salt By Aquavape 10Ml,aquavape 10ml nic salts,https://vapeonlinestore.co.uk/products/aquavape-10ml-nic-salts,1.0,high,https://vapeshop.co.uk/products/wild-berry-nic-salt-by-aquavape-10ml
vapeshop.co.uk,By Aquavape 10Ml,aquavape 10ml nic salts,https://vapeonlinestore.co.uk/products/aquavape-10ml-nic-salts,1.0,high,https://vapeshop.co.uk/products/fresh-menthol-by-aquavape-10ml
vapeshop.co.uk,innokin go s vape tank,innokin go-s disposable tank,https://vapeonlinestore.co.uk/products/go-s-disposable-tank-by-innokin,1.0,high,https://vapeshop.co.uk/products/innokin-go-s-vape-tank
vapeshop.co.uk,smok vape pen v2 dc replacement coils,smok vape pen v2 dc replacement coils,https://vapeonlinestore.co.uk/products/smok-vape-pen-v2-dc-replacement-coils,1.0,high,https://vapeshop.co.uk/products/smok-vape-pen-v2-dc-replacement-coils
vapeshop.co.uk,Elf Bar Elfa Pro Pods,Elfa Pro 20Mg Prefilled Pods,https://vapeonlinestore.co.uk/products/apple-peach-elfa-pro-prefilled-pods,1.0,high,https://vapeshop.co.uk/products/watermelon-elf-bar-elfa-pro-pods
vapeshop.co.uk,elfbar elfa pro pod kit,elf bar elfa pro prefilled pod vape kit price,https://vapeonlinestore.co.uk/products/elf-bar-elfa-pro-pod-kit,1.0,high,https://vapeshop.co.uk/products/elf-bar-elfa-pro-pod-kit
vapeshop.co.uk,aspire tg replacement pods,aspire tg replacement pods pack of 2,https://vapeonlinestore.co.uk/products/aspire-tg-replacement-pods,1.0,high,https://vapeshop.co.uk/products/aspire-tg-replacement-pods
vapeshop.co.uk,smok novo 5 replacement pods,smok novo 5 replacement pods,https://vapeonlinestore.co.uk/products/smok-novo-5-replacement-pods,1.0,high,https://vapeshop.co.uk/products/smok-novo-5-replacement-pods
vapeshop.co.uk,ultd kpg shortfill - 50ml,ultd 50ml shortfill e-liquid,https://vapeonlinestore.co.uk/products/ultd-50ml-shortfill-e-liquid,1.0,reviewed,https://vapeshop.co.uk/products/ultd-kpg-shortfill-50ml
vapeshop.co.uk,aspire gotek x replacement pods (pack of 2),aspire gotek x replacement pods pack of 2,https://vapeonlinestore.co.uk/products/aspire-gotek-x-replacement-pods,1.0,high,https://vapeshop.co.uk/products/aspire-gotek-x-replacement-pods-pack-of-2
vapeshop.co.uk,voopoo ito replacement pods (pack of 2),Voopoo Ito X Refill Pods,https://vapeonlinestore.co.uk/products/voopoo-ito-x-pod,1.0,high,https://vapeshop.co.uk/products/voopoo-ito-replacement-pods-pack-of-2
vapeshop.co.uk,uwell pa replacement coils (pack of 4),uwell pa replacement coils pack of 4,https://vapeonlinestore.co.uk/products/uwell-pa-replacement-coils,1.0,high,https://vapeshop.co.uk/products/uwell-pa-replacement-coils-pack-of-4
vapeshop.co.uk,smok novo 2x replacement pods (pack of 3),Smok Novo 2 Refill Pods,https://vapeonlinestore.co.uk/products/novo-2-replacement-pods-by-smok,1.0,high,https://vapeshop.co.uk/products/smok-novo-2x-replacement-pods-pack-of-3
vapeshop.co.uk,vaporesso gti mesh replacement coils (pack of 5),vaporesso gti replacement mesh coils pack of 5,https://vapeonlinestore.co.uk/products/gti-replacement-mesh-coils-5-pack-by-vaporesso,1.0,reviewed,https://vapeshop.co.uk/products/vaporesso-gti-mesh-replacement-coils-pack-of-5
vapeshop.co.uk,aspire flexus af replacement mesh coils (pack of 5),aspire af mesh replacement coils,https://vapeonlinestore.co.uk/products/aspire-af-mesh-coils-pack-of-5,1.0,reviewed,https://vapeshop.co.uk/products/aspire-flexus-af-replacement-mesh-coils-pack-of-5
vapeshop.co.uk,Ultd Shortfill 50Ml,ultd 50ml shortfill e-liquid,https://vapeonlinestore.co.uk/products/ultd-50ml-shortfill-e-liquid,1.0,high,https://vapeshop.co.uk/products/ultd-strawberry-kiwi-short-fill-50ml
vapeshop.co.uk,ub lite replacement coils (pack of 5),ub lite coils by lost vape,https://vapeonlinestore.co.uk/products/ub-lite-coils-by-lost-vape,1.0,high,https://vapeshop.co.uk/products/ub-lite-replacement-coils-pack-of-5
vapeshop.co.uk,usb-c charging cable,vape usb c-type charging cable vape charger cables,https://vapeonlinestore.co.uk/products/usb-c-type-charging-cable,1.0,reviewed,https://vapeshop.co.uk/products/usb-c-to-usb-a-charging-cable-2a-black
vapeshop.co.uk,70 30 By Vampire Vape 10Ml,Vampire Vape 10Ml E-Liquid,https://vapeonlinestore.co.uk/products/pack-of-10-vampire-vape-10ml-e-liquid,1.0,reviewed,https://vapeshop.co.uk/products/heisenberg-70-30-by-vampire-vape-10ml
vapeshop.co.uk,charger by vampire vape 10ml,Vampire Vape 10Ml E-Liquid,https://vapeonlinestore.co.uk/products/pack-of-10-vampire-vape-10ml-e-liquid,1.0,reviewed,https://vapeshop.co.uk/products/charger-by-vampire-vape-10ml
vapeshop.co.uk,vaporesso gtx replacement coils (pack of 5),vaporesso gtx coils pack of 5,https://vapeonlinestore.co.uk/products/vaporesso-gtx-coils-pack-of-5,1.0,high,https://vapeshop.co.uk/products/vaporesso-target-gtx-replacement-coils-pack-of-5
vapeshop.co.uk,aspire pockex coils (pack of 5),Aspire Pockex Coils,https://vapeonlinestore.co.uk/products/aspire-pockex-coils-5-pack,1.0,high,https://vapeshop.co.uk/products/aspire-pockex-replacement-coils-pack-of-5
vapeshop.co.uk,aspire pockex 2ml pyrex tube,pockex pyrex tube by aspire,https://vapeonlinestore.co.uk/products/pockex-pyrex-tube-by-aspire,1.0,high,https://vapeshop.co.uk/products/aspire-pockex-pyrex-tube
vapeshop.co.uk,aspire nautilus coils (pack of 5),Aspire Nautilus X Coils Of Each,https://vapeonlinestore.co.uk/products/nautilus-x-coils-5-pack-by-aspire,1.0,high,https://vapeshop.co.uk/products/aspire-nautilus-coils-pack-of-5
vapeshop.co.uk,smok nord 2 replacement 2ml nord pods (pack of 3),smok nord 2 replacement pods,https://vapeonlinestore.co.uk/products/smok-nord-2-replacement,1.0,high,https://vapeshop.co.uk/products/smok-nord-2-replacement-2ml-nord-pods-pack-of-3
vapeshop.co.uk,golisi s30 18650 - 3000mah battery (single),golisi s30 18650 - 3000mah battery,https://vapeonlinestore.co.uk/products/golisi-s30-18650-3000mah-battery,1.0,high,https://vapeshop.co.uk/products/golisi-18650-3000maah-battery
vapeshop.co.uk,golisi g30 18650 - 3000mah battery (single),golisi g30 18650 3000mah vape battery,https://vapeonlinestore.co.uk/products/golisi-g30-18650-3000mah-vape-battery,1.0,high,https://vapeshop.co.uk/products/golisi-g30-18650-2500maah-high-drain-battery
vapeshop.co.uk,aspire inr 18650 - 2600mah battery,aspire inr 18650 - 2600mah battery,https://vapeonlinestore.co.uk/products/aspire-inr-18650-2600mah-battery,1.0,high,https://vapeshop.co.uk/products/aspire-18650-battery
vapeshop.co.uk,hayati pro ultra plus 25000 manchester souvenir edition,hayati pro ultra plus 25000 manchester edition pod kit,https://vapeonlinestore.co.uk/products/hayati-pro-ultra-plus-25000-manchester-edition,0.9,high,https://vapeshop.co.uk/products/hayati-pro-ultra-plus-25000-manchester-souvenir-edition
vapeshop.co.uk,geekvape q replacement pods,geekvape q replacement pods pack of 3,https://vapeonlinestore.co.uk/products/geekvape-q-replacement-pods,0.9,high,https://vapeshop.co.uk/products/geekvape-q-replacement-pods
vapeshop.co.uk,oxva xlim stainless steel pod,oxva xlim stainless steel (ss) replacement pods (3-pack),https://vapeonlinestore.co.uk/products/oxva-xlim-stainless-steel-replacement-pods,0.85,high,https://vapeshop.co.uk/products/oxva-xlim-stainless-steel-pod
vapeshop.co.uk,hayati pro ultra+ 25k world cup edition - scotland,hayati pro ultra plus 25000 scotland edition prefilled pod kit,https://vapeonlinestore.co.uk/products/hayati-pro-ultra-plus-25000-scotland-edition,0.83,medium,https://vapeshop.co.uk/products/hayati-pro-ultra-25k-world-cup-edition-scotland
vapeshop.co.uk,hayati pro max+ 6k world cup edition - scotland,hayati pro max plus 6000 scotland edition prefilled pod kit,https://vapeonlinestore.co.uk/products/hayati-pro-max-plus-6000-scotland-edition,0.83,medium,https://vapeshop.co.uk/products/hayati-pro-max-6k-world-cup-edition-scotland
vapeshop.co.uk,hayati pro ultra+ 25k world cup edition - england,hayati pro ultra plus 25000 england edition prefilled pod kit,https://vapeonlinestore.co.uk/products/hayati-pro-ultra-plus-25000-england-edition,0.83,medium,https://vapeshop.co.uk/products/hayati-pro-ultra-25k-world-cup-edition-england
vapeshop.co.uk,hayati pro max+ 6k world cup edition - england,hayati pro max plus 6000 england edition prefilled pod kit,https://vapeonlinestore.co.uk/products/hayati-pro-max-plus-6000-england-edition,0.83,medium,https://vapeshop.co.uk/products/hayati-pro-max-6k-world-cup-edition-england
vapeshop.co.uk,blackcurrant cotton k / blue raspberry hayati pro ultra plus refill pack,blackcurrant cotton k / blue raspberry hayati pro ultra plus 25000 prefilled pods,https://vapeonlinestore.co.uk/products/blackcurrant-cotton-k-blue-raspberry-hayati-25k-pods,0.83,medium,https://vapeshop.co.uk/products/blackcurrant-cotton-k-blue-raspberry-hayati-pro-ultra-plus-refill-pack
vapeshop.co.uk,blueberry cotton k / raspberry cotton k hayati pro ultra plus refill pack,Blueberry Cotton K Raspberry Cotton K Hayati Pro Ultra Plus 25000 Pod Vape Kit,https://vapeonlinestore.co.uk/products/blueberry-cotton-k-raspberry-cotton-k-hayati-pro-ultra-plus-25000,0.81,medium,https://vapeshop.co.uk/products/blueberry-cotton-k-raspberry-cotton-k-hayati-pro-ultra-plus-refill-pack
vapeshop.co.uk,smok rpm4 coils,smok rpm 4 meshed coils,https://vapeonlinestore.co.uk/products/smok-rpm-4-coils,0.8,medium,https://vapeshop.co.uk/products/smok-rpm4-coils
vapeshop.co.uk,hayati pro ultra plus 25000 wales souvenir edition,Hayati Pro Ultra Plus 25000 Prefilled Pods Kit,https://vapeonlinestore.co.uk/products/hayati-pro-ultra,0.8,medium,https://vapeshop.co.uk/products/hayati-pro-ultra-plus-25000-wales-souvenir-edition
vapeshop.co.uk,hayati pro max plus 6000 manchester souvenir edition,Hayati Pro Max Plus 6000 Prefilled Pods Kit,https://vapeonlinestore.co.uk/products/hayati-pro-max-plus-6000,0.8,medium,https://vapeshop.co.uk/products/hayati-pro-max-plus-6000-manchester-souvenir-edition
vapeshop.co.uk,hayati pro max plus 6000 wales souvenir edition,Hayati Pro Max Plus 6000 Prefilled Pods Kit,https://vapeonlinestore.co.uk/products/hayati-pro-max-plus-6000,0.8,medium,https://vapeshop.co.uk/products/hayati-pro-max-plus-6000-wales-souvenir-edition
vapeshop.co.uk,Edition Vapes Bars Angel 20000 Refill Pods,vapes bars angel 20000 prefilled vape pods instock,https://vapeonlinestore.co.uk/products/angel-20000-vape-pods,0.8,medium,https://vapeshop.co.uk/products/brown-edition-vapes-bars-angel-20k-refill-pack
vapeshop.co.uk,lost vape ursa cap pro kit,lost vape ursa cap pod vape kit,https://vapeonlinestore.co.uk/products/lost-vape-ursa-cap-pod-vape-kit,0.8,medium,https://vapeshop.co.uk/products/lost-vape-ursa-cap-pro-kit
vapeshop.co.uk,Terea For Iqos Iluma,iqos iluma terea sticks,https://vapeonlinestore.co.uk/products/iqos-iluma-terea-sticks,0.8,medium,https://vapeshop.co.uk/products/silver-terea-for-iqos-iluma
vapeshop.co.uk,B Gum Strawberry B Gum Hayati Pro Ultra Plus Refill Pods,B Gum Strawberry B Gum Hayati Pro Ultra Plus 25000 Prefilled Pods,https://vapeonlinestore.co.uk/products/watermelon-bgum-strawberry-bgum-hayati-25k-pods,0.8,medium,https://vapeshop.co.uk/products/watermelon-b-gum-strawberry-b-gum-hayati-pro-ultra-plus-refill-pack
vapeshop.co.uk,Bar Salts By Dinner Lady,dinner lady dessert bar salts 5mg 10ml nic salts,https://vapeonlinestore.co.uk/products/dinner-lady-dessert-bar-salts-5mg-10ml,0.8,medium,https://vapeshop.co.uk/products/menthol-tobacco-bar-salts-by-dinner-lady
vapeshop.co.uk,ske crystal cl6000 big puff vape,ske crystal cl6000 prefilled pod vape kit,https://vapeonlinestore.co.uk/products/ske-crystal-cl6000-prefilled-pod-vape-kit,0.8,medium,https://vapeshop.co.uk/products/ske-crystal-cl6000-big-puff-vape
vapeshop.co.uk,B Gum Hayati Pro Ultra Plus Refill Pods,B Gum Hayati Pro Ultra Plus 25000 Prefilled Pods,https://vapeonlinestore.co.uk/products/fruit-bomb-straw-watermelon-b-gum-hayati-25k-pods,0.78,medium,https://vapeshop.co.uk/products/fruit-bomb-straw-watermelon-bgum-hayati-pro-ultra-plus-refill-pack
vapeshop.co.uk,Hayati Pro Max Plus Refill Pods,Hayati Pro Max Plus 6000 Replacement Refill Pods,https://vapeonlinestore.co.uk/products/hayati-pro-max-plus-6000-replacement-pods,0.75,medium,https://vapeshop.co.uk/products/guava-kiwi-passion-fruit-hayati-pro-max-refill-pack
vapeshop.co.uk,Hayati Pro Ultra Plus Refill Pods,Hayati Pro Ultra Plus 25000 Replacement Refill Pods,https://vapeonlinestore.co.uk/products/hayati-pro-ultra-plus-pods,0.75,medium,https://vapeshop.co.uk/products/juicy-peach-hayati-pro-ultra-plus-refill-pack
vapeshop.co.uk,vuse go reload vape pen,vuse go reload 1000 pen starter vape kit,https://vapeonlinestore.co.uk/products/vuse-go-reload-1000,0.75,medium,https://vapeshop.co.uk/products/vuse-go-reload-vape-pen
vapeshop.co.uk,ske crystal 4in1 prefilled pod kit,ske crystal 2400 4 in 1 prefilled pods kit,https://vapeonlinestore.co.uk/products/ske-crystal-2400-4-in-1-prefilled-pods-kit,0.75,medium,https://vapeshop.co.uk/products/ske-crystal-4in1-prefilled-pod-kit
vapeshop.co.uk,oxva vprime dual mesh pods,oxva vprime replacement pods pack of 2,https://vapeonlinestore.co.uk/products/oxva-vprime-replacement-pods,0.7,medium,https://vapeshop.co.uk/products/oxva-vprime-dual-mesh-pods
vapeshop.co.uk,Nic Salt By Ivg Pro 10Ml,ivg pro salts 10ml nic salts,https://vapeonlinestore.co.uk/products/ivg-pro-salts-10ml,0.7,medium,https://vapeshop.co.uk/products/mr-blue-nic-salt-by-ivg-pro-10ml
vapeshop.co.uk,Ivg Smart Max Refill Pods,Ivg Smart Max 10000 Puffs Prefilled Refill Pods,https://vapeonlinestore.co.uk/products/ivg-smart-max-pods,0.7,medium,https://vapeshop.co.uk/products/fruit-fusion-ivg-smart-max-refill-pack
vapeshop.co.uk,elfbar joinone15 kit,elf bar joinone 15 classic prefilled pod kit + free pod,https://vapeonlinestore.co.uk/products/elf-bar-joinone15-classic,0.7,medium,https://vapeshop.co.uk/products/elfbar-joinone15-kit
vapeshop.co.uk,elfbar joinone refill pack,elf bar joinone classic prefilled pod,https://vapeonlinestore.co.uk/products/elf-bar-joinone-classic-pod,0.7,medium,https://vapeshop.co.uk/products/elfbar-joinone-refill-pack
vapeshop.co.uk,Vuse Ultra Smart Pod,vuse ultra pods,https://vapeonlinestore.co.uk/products/vuse-ultra-pods,0.7,medium,https://vapeshop.co.uk/products/berry-tropical-blend-vuse-ultra-smart-pod
vapeshop.co.uk,Ivg Pro 2 Starter Kit,Ivg Pro 2 10000 Puffs Prefilled Pods Kit,https://vapeonlinestore.co.uk/products/ivg-pro-2-10k,0.7,medium,https://vapeshop.co.uk/products/ivg-pro-2-starter-kit
vapeshop.co.uk,avomi cliq mini pods,avomi cliq prefilled replacement pods,https://vapeonlinestore.co.uk/products/avomi-cliq-prefilled-pods,0.7,medium,https://vapeshop.co.uk/products/avomi-cliq-mini-pods
vapeshop.co.uk,voopoo argus snap pods,voopoo argus replacement pods,https://vapeonlinestore.co.uk/products/argus-replacement-pods-by-voopoo,0.7,medium,https://vapeshop.co.uk/products/voopoo-argus-snap-pods
vapeshop.co.uk,Hayati Mini Ultra Refill Pods,hayati mini ultra 1500 puff prefilled replacement pods,https://vapeonlinestore.co.uk/products/hayati-mini-ultra-1500-pods,0.7,medium,https://vapeshop.co.uk/products/strawberry-gb-hayati-mini-ultra-refill-pack
vapeshop.co.uk,hayati mini ultra kit,hayati mini ultra 1500 puffs pod kit,https://vapeonlinestore.co.uk/products/hayati-mini-ultra-1500,0.7,medium,https://vapeshop.co.uk/products/hayati-mini-ultra-kit
vapeshop.co.uk,banana ice lost mary nera15k refill pack,box of 10 lost mary nera 15k puffs prefilled replacement pods,https://vapeonlinestore.co.uk/products/box-of-10-lost-mary-nera-pods,0.7,medium,https://vapeshop.co.uk/products/banana-ice-lost-mary-nera15k-refill-pack
vapeshop.co.uk,ivg smart max kit,Ivg Smart Max 10000 Reusable Vape Kit,https://vapeonlinestore.co.uk/products/ivg-smart-max-10k,0.7,medium,https://vapeshop.co.uk/products/ivg-smart-max-kit
vapeshop.co.uk,voopoo argus v2 pods,voopoo argus top-fill v2 pod cartridges,https://vapeonlinestore.co.uk/products/voopoo-argus-top-fill-v2-pod-cartridges,0.7,medium,https://vapeshop.co.uk/products/voopoo-argus-v2-pods
vapeshop.co.uk,oxva nexlim series vape kit,oxva nexlim pod vape kit,https://vapeonlinestore.co.uk/products/oxva-nexlim-pod-vape-kit,0.7,medium,https://vapeshop.co.uk/products/oxva-nexlim-series-vape-kit
vapeshop.co.uk,ivg pro 12 vape kit,Ivg Pro 12 10000 Prefilled Pods Kit,https://vapeonlinestore.co.uk/products/ivg-pro-10000,0.7,medium,https://vapeshop.co.uk/products/ivg-pro-12-vape-kit
vapeshop.co.uk,For Iqos Iluma,iqos iluma one kit,https://vapeonlinestore.co.uk/products/iqos-iluma-one-kit,0.7,medium,https://vapeshop.co.uk/products/abora-pearl-for-iqos-iluma
vapeshop.co.uk,oxva xlim v3 replacement pods,oxva xlim v3 (top fill) replacement pod cartridges,https://vapeonlinestore.co.uk/products/oxva-xlim-v3-pods,0.7,medium,https://vapeshop.co.uk/products/oxva-xlim-v3-pods
vapeshop.co.uk,vaporesso luxe q/qs replacement pods (pack of 4),vaporesso luxe q mesh 2ml replacement pod,https://vapeonlinestore.co.uk/products/luxe-q-replacement-pods-by-vaporesso,0.7,medium,https://vapeshop.co.uk/products/vaporesso-luxe-q-and-qs-replacement-pods-pack-of-4
vapeshop.co.uk,voopoo tpp replacement mesh coils (pack of 3),tpp replacement coils by voopoo,https://vapeonlinestore.co.uk/products/tpp-replacement-coils-by-voopoo,0.7,medium,https://vapeshop.co.uk/products/voopoo-tpp-replacement-mesh-coils-pack-of-3
vapeshop.co.uk,aspire bvc coils (pack of 5),aspire nautilus bvc replacement coils pack of 5,https://vapeonlinestore.co.uk/products/nautilus-bvc-coil-by-aspire,0.7,medium,https://vapeshop.co.uk/products/aspire-bvc-replacement-coils-pack-of-5
vapeshop.co.uk,nitecore i2 intellicharge charger,i2 battery charger by nitecore,https://vapeonlinestore.co.uk/products/i2-battery-charger-by-nitecore,0.7,medium,https://vapeshop.co.uk/products/nitecore-i2-intellicharge-charger
vapeshop.co.uk,nitecore i4 intellicharge charger,i4 battery charger by nitecore,https://vapeonlinestore.co.uk/products/i4-battery-charger-by-nitecore,0.7,medium,https://vapeshop.co.uk/products/nitecore-i4-intellicharge-charger
vapeshop.co.uk,aspire usb mains wall plug,usb wall plug adapter by aspire,https://vapeonlinestore.co.uk/products/usb-wall-plug-adapter-by-aspire,0.66,low,https://vapeshop.co.uk/products/aspire-usb-mains-wall-plug
vapeshop.co.uk,Avomi Cliq 6000 Refill Pods,avomi cliq prefilled replacement pods,https://vapeonlinestore.co.uk/products/avomi-cliq-prefilled-pods,0.6,low,https://vapeshop.co.uk/products/menthol-avomi-cliq-6000-refill-pack
vapeshop.co.uk,ivg nexio refill pack,ivg nexio 10k refill pods,https://vapeonlinestore.co.uk/products/ivg-nexio-pods,0.6,low,https://vapeshop.co.uk/products/ivg-nexio-refill-pack
vapeshop.co.uk,ivg nexio kit,ivg nexio 10000 puffs prefilled pod kit,https://vapeonlinestore.co.uk/products/ivg-nexio-10000-pod-kit,0.6,low,https://vapeshop.co.uk/products/ivg-nexio-kit
vapeshop.co.uk,voopoo argus multi-ohm pod,voopoo argus replacement pods,https://vapeonlinestore.co.uk/products/argus-replacement-pods-by-voopoo,0.6,low,https://vapeshop.co.uk/products/voopoo-argus-multi-ohm-pod
vapeshop.co.uk,ivg pro kit,ivg pro 5000 prefilled pod kit,https://vapeonlinestore.co.uk/products/ivg-pro-5000-pod-kit,0.6,low,https://vapeshop.co.uk/products/ivg-pro-kit
vapeshop.co.uk,vuse ultra kit - mclaren (limited edition),vuse ultra vape kit,https://vapeonlinestore.co.uk/products/vuse-ultra-vape-kit,0.6,low,https://vapeshop.co.uk/products/vuse-ultra-kit-mclaren-limited-edition
vapeshop.co.uk,Gold Bar Xl Refill Pods,gold bar xl 10k puff refill pods,https://vapeonlinestore.co.uk/products/gold-bar-xl-10k-prefilled-pods,0.6,low,https://vapeshop.co.uk/products/cola-freeze-gold-bar-xl-refill-pack
vapeshop.co.uk,gold bar xl kit,gold bar xl 10k prefilled pod kit,https://vapeonlinestore.co.uk/products/gold-bar-xl-10000,0.6,low,https://vapeshop.co.uk/products/gold-bar-xl-kit
vapeshop.co.uk,hayati rubik kit,Hayati Rubik 7000 Puffs Pod Kit,https://vapeonlinestore.co.uk/products/hayati-rubik-7000,0.6,low,https://vapeshop.co.uk/products/hayati-rubik-kit
vapeshop.co.uk,Nic Salt By Elux Firerose,Elux Firerose 5000 Nic Salt,https://vapeonlinestore.co.uk/products/blue-razz-gummy-elux-firerose-5000-nic-salt,0.6,low,https://vapeshop.co.uk/products/strawberry-banana-nic-salt-by-elux-firerose
vapeshop.co.uk,blu bar vape kit,blu bar 1000 puffs prefilled vape kit,https://vapeonlinestore.co.uk/products/blu-bar-1000-puffs,0.6,low,https://vapeshop.co.uk/products/blu-bar-vape-kit
vapeshop.co.uk,pro blue ivg savr refill pack,ivg savr prefilled pods pack of 1,https://vapeonlinestore.co.uk/products/ivg-savr-prefilled-pods,0.6,low,https://vapeshop.co.uk/products/pro-blue-ivg-savr-refill-pack
vapeshop.co.uk,ivg savr vape kit,ivg savr 3000 puffs disposable pod kit,https://vapeonlinestore.co.uk/products/ivg-savr-3000,0.6,low,https://vapeshop.co.uk/products/ivg-savr-vape-kit
vapeshop.co.uk,aspire pockex starter kit,aspire aio pockex pen kit,https://vapeonlinestore.co.uk/products/aio-pockex-aspire-pen-kit,0.6,low,https://vapeshop.co.uk/products/aspire-pockex-starter-vape-kit
