competitor,product,brand,type,in_stock_flavours,flavours_in_stock,other_variants_in_stock,price_from,listings,example_listing,competitor_url,more_urls,closest_vos_product,closest_vos_score
vapeshop.co.uk,aquavape uk mains adapter,aquavape,accessory,0,,,6.99,1,Aquavape UK Mains Adapter,https://vapeshop.co.uk/products/aquavape-uk-mains-adapter,,,
vapeshop.co.uk,micro usb charger,ecigwizard,accessory,0,,,3.49,1,Micro USB Charger,https://vapeshop.co.uk/products/micro-usb-charger,,,
vapeshop.co.uk,usb-c charging cable,ecigwizard,accessory,0,,,4.99,1,USB-C Charging Cable,https://vapeshop.co.uk/products/usb-c-to-usb-a-charging-cable-2a-black,,,
vapeshop.co.uk,blueberry cotton k hayati mini ultra refill pack,hayati,accessory,0,,strength: 20mg,2.99,1,Blueberry Cotton K Hayati Mini Ultra Refill Pack,https://vapeshop.co.uk/products/blueberry-cotton-k-hayati-mini-ultra-refill-pack,,Blueberry Cotton K Raspberry Cotton K Hayati Pro Ultra Plus 25000 Pod Vape Kit,0.43
vapeshop.co.uk,juul2 usb charging dock,juul,accessory,0,,,1.99,1,JUUL2 USB Charging Dock,https://vapeshop.co.uk/products/juul2-usb-charging-dock,,,
vapeshop.co.uk,charger by vampire vape 10ml,vampire vape,accessory,0,,strength: 6mg,1.79,1,Charger by Vampire Vape 10ml,https://vapeshop.co.uk/products/charger-by-vampire-vape-10ml,,,
vapeshop.co.uk,vapemate classic raspberry cotton candy 10ml,vapemate,accessory,0,,"strength: 12mg, 18mg, 3mg, 6mg",2.99,1,Vapemate Classic Raspberry Cotton Candy 10ml,https://vapeshop.co.uk/products/vapemate-classic-raspberry-cotton-candy,,,
vapeshop.co.uk,voopoo argus klyc replacement cap,voopoo,accessory,0,,"colour: dreamy blue, mystic gray",1.99,1,VooPoo Argus Klyc Replacement Cap,https://vapeshop.co.uk/products/voopoo-argus-klyc-replacement-cap,,,
vapeshop.co.uk,vuse ultra wireless charger,vuse,accessory,0,,,9.99,1,Vuse Ultra Wireless Charger,https://vapeshop.co.uk/products/vuse-ultra-wireless-charger,,,
vapeshop.co.uk,ego 1100mah battery,ego,battery,0,,"colour: black, silver",12.99,1,eGo 1100mAh Battery,https://vapeshop.co.uk/products/ego-battery-1100mah,,,
vapeshop.co.uk,ego 900mah battery,ego,battery,0,,colour: black,5.99,1,eGo 900mAh Battery,https://vapeshop.co.uk/products/900mah-ego-battery,,,
vapeshop.co.uk,golisi e1 plus portable power bank 1600mah,golisi,battery,0,,"colour: black, pink, white",4.99,1,Golisi E1 Plus Portable Power Bank 1600mAh,https://vapeshop.co.uk/products/golisi-e1-plus-portable-power-bank-1600mah,,,
vapeshop.co.uk,ske crystal plus pod device battery,ske,battery,0,,colour: aurora blue,3.49,1,SKE Crystal Plus Pod Device Battery,https://vapeshop.co.uk/products/ske-crystal-plus-pod-device-battery,,,
vapeshop.co.uk,vuse ultra battery,vuse,battery,0,,colour: blue,9.99,1,Vuse Ultra Battery,https://vapeshop.co.uk/products/vuse-ultra-battery,,,
vapeshop.co.uk,aspire flexus af replacement mesh coils (pack of 5),aspire,coil,0,,"resistance: 0.6ohms, 1.0ohms",5.99,1,Aspire Flexus AF Replacement Mesh Coils (Pack of 5),https://vapeshop.co.uk/products/aspire-flexus-af-replacement-mesh-coils-pack-of-5,,,
vapeshop.co.uk,geekvape z xm (boost version) coils (pack of 5),geekvape,coil,0,,"resistance: 0.15ohm, 0.2ohm, 0.4ohm",12.99,1,Geekvape Z XM (Boost Version) Coils (Pack of 5),https://vapeshop.co.uk/products/geekvape-z-xm-boost-version-coils,,aegis boost pod & coil pack by geek vape,0.15
vapeshop.co.uk,uwell crown m replacement coils (pack of 4),uwell,coil,0,,resistance: 0.6ohms,6.99,1,Uwell Crown M Replacement Coils (Pack of 4),https://vapeshop.co.uk/products/uwell-crown-m-replacement-coils-pack-of-4,,uwell crown v replacement coils [pack of 4],0.45
vapeshop.co.uk,vaporesso gti dual mesh coils,vaporesso,coil,0,,"resistance: 0.2ohm, 0.4ohm",9.99,1,Vaporesso GTi Dual Mesh Coils,https://vapeshop.co.uk/products/vaporesso-g-ti-dual-mesh-coils,,vaporesso gtx mesh coils pack of 5,0.35
vapeshop.co.uk,vaporesso gti mesh replacement coils (pack of 5),vaporesso,coil,0,,"resistance: 0.15ohms, 0.2ohms, 0.4ohms",7.99,1,Vaporesso GTi Mesh Replacement Coils (Pack of 5),https://vapeshop.co.uk/products/vaporesso-gti-mesh-replacement-coils-pack-of-5,,vaporesso gtx mesh coils pack of 5,0.4
vapeshop.co.uk,By Bottled Mary,lost mary,eliquid,21,apple peach; blackcurrant lemonade; blue raspberry lemonade; blueberry banana; blueberry cherry cranberry; blueberry ice; blueberry pomegranate; blueberry raspberry lemon; blueberry sour raspberry; grape; jelly bear; lemon lime; mr blue; passion fruit orange guava; pineapple ice; pink lemonade; rainbow candy; strawberry kiwi; strawberry raspberry cherry ice; strawberry watermelon bubblegum; triple mango,"strength: 10mg, 20mg, 5mg",1.99,21,Blueberry Raspberry Lemon by Bottled Mary,https://vapeshop.co.uk/products/blueberry-raspberry-lemon-by-bottled-mary,https://vapeshop.co.uk/products/grape-by-bottled-mary https://vapeshop.co.uk/products/pink-lemonade-by-bottled-mary https://vapeshop.co.uk/products/jelly-bear-by-bottled-mary,Lost Mary Nic Salt 10Ml E-Liquid,0.4
vapeshop.co.uk,70 30 By Vampire Vape 10Ml,vampire vape,eliquid,1,heisenberg,"strength: 3mg, 6mg",1.79,1,Heisenberg 70/30 by Vampire Vape 10ml,https://vapeshop.co.uk/products/heisenberg-70-30-by-vampire-vape-10ml,,,
vapeshop.co.uk,Vapemate Classic 10Ml,vapemate,eliquid,67,amber blend tobacco; aniseed; apple; apple cinnamon; apple menthol; banana; banoffee pie; black cherry; black jack; blackberry; blackcurrant; blackcurrant menthol; blueberry; blueberry breeze; bubblegum; butterscotch; caramel; cherry cola; cherry menthol; cinnamon cream; cinnamon vanilla custard; citrus punch; coconut; cola cubes; energy drink; fresh strawberry; fruit punch; glazed doughnut; gummy bears; hazelnut; iron brew; kiwi; lemon; lemon sherbet; lemonade; mango; marshmallow; menthol; menthol chill; milk chocolate; mint choc chip; parma violet; peach; peanut butter; pear drops; peppermint; pina colada; pineapple; rainbow fruit; raspberry; raspberry menthol; rhubarb custard; sour cherry; spearmint; strawberry; strawberry cream; strawberry menthol; strawberry milkshake; sweet cherry; sweet orange; tobacco menthol; vanilla custard; very vanilla; virginia tobacco; vm tobacco; watermelon; wild strawberry,"strength: 0mg, 12mg, 18mg, 3mg, 6mg",0.99,67,Vapemate Classic Fresh Strawberry 10ml,https://vapeshop.co.uk/products/vapemate-classic-fresh-strawberry-10ml,https://vapeshop.co.uk/products/vapemate-classic-blueberry-breeze-10ml https://vapeshop.co.uk/products/vapemate-classic-menthol-chill-10ml https://vapeshop.co.uk/products/vapemate-classic-amber-blend-tobacco,,
vapeshop.co.uk,Vapemate Classic American 10Ml,vapemate,eliquid,2,gold tobacco; red tobacco,"strength: 0mg, 12mg, 18mg, 3mg, 6mg",2.99,2,Vapemate Classic American Gold Tobacco 10ml,https://vapeshop.co.uk/products/vapemate-classic-american-gold-tobacco,https://vapeshop.co.uk/products/vapemate-classic-american-red-tobacco,,
vapeshop.co.uk,Vapemate Classic Bavarian 10Ml,vapemate,eliquid,1,cream,"strength: 12mg, 18mg, 3mg",2.99,1,Vapemate Classic Bavarian Cream 10ml,https://vapeshop.co.uk/products/vapemate-classic-bavarian-cream,,,
vapeshop.co.uk,Vapemate Classic Brazilian 10Ml,vapemate,eliquid,1,coffee,"strength: 12mg, 18mg, 3mg, 6mg",2.99,1,Vapemate Classic Brazilian Coffee 10ml,https://vapeshop.co.uk/products/vapemate-classic-brazilian-coffee,,,
vapeshop.co.uk,Vapemate Classic Classic 10Ml,vapemate,eliquid,1,custard,strength: 6mg,2.99,1,Vapemate Classic Classic Custard 10ml,https://vapeshop.co.uk/products/vapemate-classic-classic-custard,,,
vapeshop.co.uk,Vapemate Classic Harvest 10Ml,vapemate,eliquid,1,berry,"strength: 12mg, 3mg, 6mg",0.99,1,Vapemate Classic Harvest Berry 10ml,https://vapeshop.co.uk/products/vapemate-classic-harvest-berry,,,
vapeshop.co.uk,Vapemate Classic Hill Town 10Ml,vapemate,eliquid,1,tobacco,"strength: 0mg, 12mg, 18mg, 3mg, 6mg",2.99,1,Vapemate Classic Hill Town Tobacco 10ml,https://vapeshop.co.uk/products/vapemate-classic-hill-town-tobacco,,,
vapeshop.co.uk,Vapemate Classic Peaches 10Ml,vapemate,eliquid,1,cream,"strength: 12mg, 6mg",2.99,1,Vapemate Classic Peaches & Cream 10ml,https://vapeshop.co.uk/products/vapemate-classic-peaches-cream,,,
vapeshop.co.uk,Vapemate Classic Popular 10Ml,vapemate,eliquid,1,tobacco,strength: 6mg,2.99,1,Vapemate Classic Popular Tobacco 10ml,https://vapeshop.co.uk/products/vapemate-classic-popular-tobacco-10ml,,,
vapeshop.co.uk,Vapemate Classic Tac Tic 10Ml,vapemate,eliquid,1,orange citrus,"strength: 12mg, 3mg, 6mg",2.99,1,Vapemate Classic Tac Tic Orange Citrus 10ml,https://vapeshop.co.uk/products/vapemate-classic-tac-tic-orange-citrus,,,
vapeshop.co.uk,Vapemate Classic Vy3 10Ml,vapemate,eliquid,1,tobacco,strength: 3mg,2.99,1,Vapemate Classic VY3 Tobacco 10ml,https://vapeshop.co.uk/products/vapemate-classic-vy3-tobacco,,,
vapeshop.co.uk,Vapemate Classic York 10Ml,vapemate,eliquid,1,cheesecake,"strength: 12mg, 18mg, 3mg, 6mg",2.99,1,Vapemate Classic New York Cheesecake 10ml,https://vapeshop.co.uk/products/vapemate-classic-new-york-cheesecake,,,
vapeshop.co.uk,Vapemate Origins 10Ml,vapemate,eliquid,19,amber blend; banana; black cherry; blackcurrant; blackcurrant menthol; blueberry; cherry cola; cola; fruit blast; gold tobacco; menthol; peppermint; raspberry; red tobacco; rhubarb custard; strawberry; vanilla custard; virginia; watermelon,"strength: 12mg, 18mg, 6mg",0.99,19,Vapemate Origins Rhubarb & Custard 10ml,https://vapeshop.co.uk/products/vapemate-origins-rhubarb-custard-10ml,https://vapeshop.co.uk/products/vapemate-origins-watermelon-10ml https://vapeshop.co.uk/products/vapemate-origins-virginia-10ml https://vapeshop.co.uk/products/vapemate-origins-vanilla-custard-10ml,,
vapeshop.co.uk,vapemate classic absinthe 10ml,vapemate,eliquid,0,,"strength: 12mg, 6mg",2.99,1,Vapemate Classic Absinthe 10ml,https://vapeshop.co.uk/products/vapemate-classic-absinthe,,,
vapeshop.co.uk,vapemate classic candyfloss 10ml,vapemate,eliquid,0,,"strength: 12mg, 3mg, 6mg",2.99,1,Vapemate Classic Candyfloss 10ml,https://vapeshop.co.uk/products/vapemate-classic-candyfloss,,,
vapeshop.co.uk,vapemate classic chocolate fudge brownie 10ml,vapemate,eliquid,0,,"strength: 12mg, 18mg, 3mg, 6mg",0.99,1,Vapemate Classic Chocolate Fudge Brownie 10ml,https://vapeshop.co.uk/products/vapemate-classic-chocolate-fudge-brownie,,,
vapeshop.co.uk,vapemate classic cigar 10ml,vapemate,eliquid,0,,"strength: 12mg, 18mg, 3mg, 6mg",2.99,1,Vapemate Classic Cigar 10ml,https://vapeshop.co.uk/products/vapemate-classic-cigar,,,
vapeshop.co.uk,vapemate classic cinnamon danish swirl 10ml,vapemate,eliquid,0,,"strength: 12mg, 18mg, 6mg",2.99,1,Vapemate Classic Cinnamon Danish Swirl 10ml,https://vapeshop.co.uk/products/vapemate-classic-cinnamon-danish-swirl,,,
vapeshop.co.uk,vapemate classic double espresso 10ml,vapemate,eliquid,0,,"strength: 12mg, 3mg, 6mg",2.99,1,Vapemate Classic Double Espresso 10ml,https://vapeshop.co.uk/products/vapemate-classic-double-espresso,,,
vapeshop.co.uk,vapemate classic el camino 10ml,vapemate,eliquid,0,,strength: 3mg,0.99,1,Vapemate Classic El Camino 10ml,https://vapeshop.co.uk/products/vapemate-classic-el-camino,,,
vapeshop.co.uk,vapemate classic havana cigar 10ml,vapemate,eliquid,0,,"strength: 12mg, 18mg, 3mg, 6mg",2.99,1,Vapemate Classic Havana Cigar 10ml,https://vapeshop.co.uk/products/vapemate-classic-havana-cigar,,,
vapeshop.co.uk,vapemate classic jelly babies 10ml,vapemate,eliquid,0,,"strength: 12mg, 6mg",0.99,1,Vapemate Classic Jelly Babies 10ml,https://vapeshop.co.uk/products/vapemate-classic-jelly-babies,,,
vapeshop.co.uk,vapemate classic lime zinger 10ml,vapemate,eliquid,0,,"strength: 0mg, 12mg, 18mg, 3mg, 6mg",0.99,1,Vapemate Classic Lime Zinger 10ml,https://vapeshop.co.uk/products/vapemate-classic-lime-zinger,,,
vapeshop.co.uk,vapemate classic marzipan 10ml,vapemate,eliquid,0,,strength: 12mg,2.99,1,Vapemate Classic Marzipan 10ml,https://vapeshop.co.uk/products/vapemate-classic-marzipan,,,
vapeshop.co.uk,vapemate classic mentholyptus 10ml,vapemate,eliquid,0,,"strength: 0mg, 12mg, 18mg, 3mg, 6mg",2.99,1,Vapemate Classic Mentholyptus 10ml,https://vapeshop.co.uk/products/vapemate-classic-mentholyptus,,,
vapeshop.co.uk,vapemate classic purple tonic 10ml,vapemate,eliquid,0,,strength: 6mg,2.99,1,Vapemate Classic Purple Tonic 10ml,https://vapeshop.co.uk/products/vapemate-classic-purple-tonic,,,
vapeshop.co.uk,vapemate classic say my name 10ml,vapemate,eliquid,0,,"strength: 0mg, 12mg, 18mg, 3mg",0.99,1,Vapemate Classic Say My Name 10ml,https://vapeshop.co.uk/products/vapemate-classic-say-my-name,,,
vapeshop.co.uk,vapemate classic wine gums 10ml,vapemate,eliquid,0,,strength: 6mg,0.99,1,Vapemate Classic Wine Gums 10ml,https://vapeshop.co.uk/products/vapemate-classic-wine-gums,,,
vapeshop.co.uk,vapemate origins mentholyptus 10ml,vapemate,eliquid,0,,"strength: 0mg, 12mg, 18mg, 6mg",2.99,1,Vapemate Origins Mentholyptus 10ml,https://vapeshop.co.uk/products/vapemate-origins-mentholyptus-10ml,,,
vapeshop.co.uk,Vltz E-Liquid,vltz,eliquid,1,lemon limeade,strength: 10mg,1.49,1,Lemon Limeade VLTZ E-liquid,https://vapeshop.co.uk/products/lemon-limeade-vltz-eliquid,,,
vapeshop.co.uk,Wizmix 10Ml,wizmix,eliquid,19,banana shake; berry blizzard; blackcurrant ice; blueberg; cherry bomb; cherry chill; lemon sherbet; parma violets; pear drops; pineapple passion; pink lemonade; polar bear; raspberry ripple; rhubarb custard; simply tobacco; strawberry jam; strawberry lime; tutti frutti; vanilla custard,"strength: 0mg, 12mg, 18mg, 3mg, 6mg",0.99,19,Wizmix Strawberry 'N' Lime - 10ml,https://vapeshop.co.uk/products/wizmix-strawberry-n-lime-10ml,https://vapeshop.co.uk/products/wizmix-tutti-frutti-10ml https://vapeshop.co.uk/products/wizmix-pink-lemonade-10ml https://vapeshop.co.uk/products/wizmix-parma-violet-10ml,,
vapeshop.co.uk,Wizmix Alpine 10Ml,wizmix,eliquid,1,strawberry,"strength: 0mg, 12mg, 18mg, 3mg, 6mg",2.99,1,WizMix Alpine Strawberry - 10ml,https://vapeshop.co.uk/products/wizmix-alpine-strawberry-menthol-eliquid-10ml,,,
vapeshop.co.uk,Wizmix Brain 10Ml,wizmix,eliquid,1,freeze,"strength: 0mg, 12mg, 18mg, 6mg",2.99,1,Wizmix Brain Freeze - 10ml,https://vapeshop.co.uk/products/wizmix-brain-freeze-menthol-eliquid-10ml,,,
vapeshop.co.uk,Wizmix Cornish 10Ml,wizmix,eliquid,1,ice cream,"strength: 3mg, 6mg",2.99,1,WizMix Cornish Ice Cream - 10ml,https://vapeshop.co.uk/products/wizmix-cornish-ice-cream-eliquid-10ml,,,
vapeshop.co.uk,Wizmix Havana 10Ml,wizmix,eliquid,1,tobacco,"strength: 0mg, 12mg, 18mg, 3mg, 6mg",2.99,1,WizMix Havana Tobacco - 10ml,https://vapeshop.co.uk/products/wizmix-havana-tobacco-eliquid-10ml,,,
vapeshop.co.uk,Wizmix Jubbly 10Ml,wizmix,eliquid,1,bubbly,"strength: 0mg, 12mg, 18mg, 3mg, 6mg",0.99,1,WizMix Jubbly Bubbly - 10ml,https://vapeshop.co.uk/products/wizmix-jubbly-bubbly-eliquid-10ml,,,
vapeshop.co.uk,Wizmix Life S A 10Ml,wizmix,eliquid,1,peach,"strength: 0mg, 12mg, 18mg, 3mg, 6mg",0.99,1,WizMix Life's A Peach - 10ml,https://vapeshop.co.uk/products/wizmix-lifes-a-peach-eliquid-10ml,,,
vapeshop.co.uk,Wizmix Orchard 10Ml,wizmix,eliquid,1,crunch,"strength: 0mg, 12mg, 3mg, 6mg",0.99,1,WizMix Orchard Crunch - 10ml,https://vapeshop.co.uk/products/wizmix-orchard-crunch-eliquid-10ml,,,
vapeshop.co.uk,Wizmix Salt 10Ml,wizmix,eliquid,4,berry blizzard; caramel tobacco; cherry bomb; cherry chill,"strength: 10mg, 20mg",0.99,4,Wizmix Salt Berry Blizzard - 10ml,https://vapeshop.co.uk/products/wizmix-salt-berry-blizzard-eliquid-10ml,https://vapeshop.co.uk/products/wizmix-salt-caramel-tobacco-eliquid-10ml https://vapeshop.co.uk/products/wizmix-salt-cherry-chill-eliquid-10ml https://vapeshop.co.uk/products/wizmix-salt-cherry-bomb-eliquid-10ml,,
vapeshop.co.uk,Wizmix Salt Brain 10Ml,wizmix,eliquid,1,freeze,"strength: 10mg, 20mg",2.99,1,Wizmix Salt Brain Freeze - 10ml,https://vapeshop.co.uk/products/wizmix-salt-brain-freeze-eliquid-10ml,,,
vapeshop.co.uk,Wizmix Salt Jubbly 10Ml,wizmix,eliquid,1,bubbly,strength: 10mg,0.99,1,Wizmix Salt Jubbly Bubbly - 10ml,https://vapeshop.co.uk/products/wizmix-salt-jubbly-bubbly-eliquid-10ml,,,
vapeshop.co.uk,Wizmix Total 10Ml,wizmix,eliquid,1,cola,"strength: 12mg, 3mg, 6mg",2.99,1,WizMix Total Cola - 10ml,https://vapeshop.co.uk/products/wizmix-cola-10ml,,,
vapeshop.co.uk,Wizmix Vulture 10Ml,wizmix,eliquid,1,punch,strength: 3mg,2.99,1,Wizmix Vulture Punch - 10ml,https://vapeshop.co.uk/products/wizmix-vulture-punch-10ml,,,
vapeshop.co.uk,wizmix apple fang - 10ml,wizmix,eliquid,0,,strength: 6mg,2.99,1,Wizmix Apple Fang - 10ml,https://vapeshop.co.uk/products/wizmix-apple-fang-10ml,,,
vapeshop.co.uk,wizmix black jacks - 10ml,wizmix,eliquid,0,,"strength: 12mg, 18mg, 3mg, 6mg",2.99,1,WizMix Black Jacks - 10ml,https://vapeshop.co.uk/products/wizmix-black-jacks-eliquid-10ml,,,
vapeshop.co.uk,wizmix blueberry hill - 10ml,wizmix,eliquid,0,,"strength: 0mg, 12mg, 18mg, 3mg, 6mg",2.99,1,WizMix Blueberry Hill - 10ml,https://vapeshop.co.uk/products/wizmix-blueberry-hill-eliquid-10ml,,,
vapeshop.co.uk,wizmix caramel kiss - 10ml,wizmix,eliquid,0,,"strength: 0mg, 12mg, 18mg",2.99,1,Wizmix Caramel Kiss - 10ml,https://vapeshop.co.uk/products/wizmix-caramel-kiss-eliquid-10ml,,,
vapeshop.co.uk,wizmix caramel tobacco (ry4) - 10ml,wizmix,eliquid,0,,"strength: 12mg, 3mg, 6mg",2.99,1,Wizmix Caramel Tobacco (RY4) - 10ml,https://vapeshop.co.uk/products/wizmix-caramel-tobacco-eliquid-10ml,,,
vapeshop.co.uk,wizmix dark horse - 10ml,wizmix,eliquid,0,,"strength: 0mg, 18mg, 3mg, 6mg",0.99,1,WizMix Dark Horse - 10ml,https://vapeshop.co.uk/products/wizmix-dark-horse-eliquid-10ml,,,
vapeshop.co.uk,wizmix havana ice - 10ml,wizmix,eliquid,0,,"strength: 12mg, 6mg",0.99,1,WizMix Havana Ice - 10ml,https://vapeshop.co.uk/products/wizmix-havana-ice-menthol-eliquid-10ml,,,
vapeshop.co.uk,wizmix menthol asylum - 10ml,wizmix,eliquid,0,,"strength: 12mg, 18mg, 3mg, 6mg",2.99,1,WizMix Menthol Asylum - 10ml,https://vapeshop.co.uk/products/wizmix-menthol-asylum-eliquid-10ml,,,
vapeshop.co.uk,wizmix nuclear plusion - 10ml,wizmix,eliquid,0,,"strength: 0mg, 12mg, 18mg, 3mg, 6mg",0.99,1,WizMix Nuclear Plusion - 10ml,https://vapeshop.co.uk/products/wizmix-nuclear-plusion-eliquid-10ml,,,
vapeshop.co.uk,wizmix orange tik-tak - 10ml,wizmix,eliquid,0,,"strength: 0mg, 12mg, 18mg, 3mg, 6mg",0.99,1,Wizmix Orange Tik-Tak - 10ml,https://vapeshop.co.uk/products/wizmix-orange-tik-tak-eliquid-10ml,,,
vapeshop.co.uk,wizmix popular vape - 10ml,wizmix,eliquid,0,,"strength: 0mg, 12mg, 3mg",2.99,1,WizMix Popular Vape - 10ml,https://vapeshop.co.uk/products/wizmix-popular-vape-eliquid-10ml,,,
vapeshop.co.uk,wizmix rich bean rocket - 10ml,wizmix,eliquid,0,,"strength: 0mg, 12mg, 3mg, 6mg",2.99,1,WizMix Rich Bean Rocket - 10ml,https://vapeshop.co.uk/products/wizmix-rich-bean-rocket-eliquid-10ml,,,
vapeshop.co.uk,wizmix salt blueberry hill - 10ml,wizmix,eliquid,0,,"strength: 10mg, 20mg",2.99,1,Wizmix Salt Blueberry Hill - 10ml,https://vapeshop.co.uk/products/wizmix-salt-blueberry-hill-10ml,,,
vapeshop.co.uk,wizmix salt grape escape - 10ml,wizmix,eliquid,0,,strength: 20mg,0.99,1,Wizmix Salt Grape Escape - 10ml,https://vapeshop.co.uk/products/wizmix-salt-grape-escape-eliquid-10ml,,,
vapeshop.co.uk,wizmix salt menthol asylum - 10ml,wizmix,eliquid,0,,"strength: 10mg, 20mg",2.99,1,Wizmix Salt Menthol Asylum - 10ml,https://vapeshop.co.uk/products/wizmix-salt-menthol-asylum-10ml,,,
vapeshop.co.uk,wizmix salt popular vape - 10ml,wizmix,eliquid,0,,"strength: 10mg, 20mg",2.99,1,WizMix Salt Popular Vape - 10ml,https://vapeshop.co.uk/products/wizmix-salt-popular-vape-10ml,,,
vapeshop.co.uk,wizmix salt strawberry seduction - 10ml,wizmix,eliquid,0,,"strength: 10mg, 20mg",2.99,1,Wizmix Salt Strawberry Seduction - 10ml,https://vapeshop.co.uk/products/wizmix-salt-strawberry-seduction-10ml,,,
vapeshop.co.uk,wizmix salt strawberry shiver - 10ml,wizmix,eliquid,0,,strength: 10mg,0.99,1,Wizmix Salt Strawberry Shiver - 10ml,https://vapeshop.co.uk/products/wizmix-salt-strawberry-shiver-eliquid-10ml,,,
vapeshop.co.uk,wizmix salt wizards leaf - 10ml,wizmix,eliquid,0,,"strength: 10mg, 20mg",2.99,1,Wizmix Salt Wizards Leaf - 10ml,https://vapeshop.co.uk/products/wizmix-salt-wizards-leaf-eliquid-10ml,,,
vapeshop.co.uk,wizmix spearminty - 10ml,wizmix,eliquid,0,,"strength: 12mg, 18mg, 3mg, 6mg",2.99,1,WizMix Spearminty - 10ml,https://vapeshop.co.uk/products/wizmix-spearminty-menthol-eliquid-10ml,,,
vapeshop.co.uk,wizmix strawberry seduction - 10ml,wizmix,eliquid,0,,"strength: 12mg, 3mg",2.99,1,WizMix Strawberry Seduction - 10ml,https://vapeshop.co.uk/products/wizmix-strawberry-seduction-eliquid-10ml,,,
vapeshop.co.uk,wizmix strawberry shiver - 10ml,wizmix,eliquid,0,,"strength: 0mg, 18mg, 3mg, 6mg",0.99,1,Wizmix Strawberry Shiver - 10ml,https://vapeshop.co.uk/products/wizmix-strawberry-shiver-menthol-eliquid-10ml,,,
vapeshop.co.uk,wizmix the grape escape - 10ml,wizmix,eliquid,0,,"strength: 0mg, 12mg, 3mg, 6mg",0.99,1,WizMix The Grape Escape - 10ml,https://vapeshop.co.uk/products/wizmix-the-grape-escape-eliquid-10ml,,,
vapeshop.co.uk,wizmix the sherlock - 10ml,wizmix,eliquid,0,,"strength: 12mg, 18mg, 3mg, 6mg",0.99,1,WizMix The Sherlock - 10ml,https://vapeshop.co.uk/products/wizmix-the-sherlock-eliquid-10ml,,,
vapeshop.co.uk,wizmix wizard's leaf - 10ml,wizmix,eliquid,0,,"strength: 18mg, 3mg",2.99,1,WizMix Wizard's Leaf - 10ml,https://vapeshop.co.uk/products/wizmix-wizards-leaf-eliquid-10ml,,,
vapeshop.co.uk,iqos delia tobacco sticks,iqos,heated,3,classic dark green; classic gold; classic red,,5.99,1,IQOS Delia Tobacco Sticks,https://vapeshop.co.uk/products/iqos-delia-tobacco-sticks,,iqos terea tobacco sticks,0.57
vapeshop.co.uk,iqos iluma i one kit,iqos,heated,1,breeze blue,"colour: electric purple, midnight black",24.99,1,IQOS Iluma i One Kit,https://vapeshop.co.uk/products/iqos-iluma-i-one-kit,,iqos iluma one kit,0.45
vapeshop.co.uk,iqos levia zero tobacco sticks,iqos,heated,4,blueberry strawberry pearl; citrus pepermint pearl; deep mint; strawberry watermelon pearl,,6.99,1,IQOS Levia Zero Tobacco Sticks,https://vapeshop.co.uk/products/iqos-levia-zero-tobacco-sticks,,iqos terea tobacco sticks,0.51
vapeshop.co.uk,aquavape 2in1 vape kit,aquavape,kit,6,blue; cherry; fruit; menthol; pineapple; raspberry,,2.79,1,Aquavape 2in1 Vape Kit,https://vapeshop.co.uk/products/aquavape-2in1-vape-kit,,,
vapeshop.co.uk,aquavape innokin endura v kit,aquavape,kit,0,,"colour: blue, grey",9.99,1,Aquavape Innokin Endura V Kit,https://vapeshop.co.uk/products/aquavape-innokin-endura-v-kit,,,
vapeshop.co.uk,aspire loomix pod kit,aspire,kit,0,,"colour: gunmetal, midnight black, pearl white, purple gold",9.99,1,Aspire Loomix Pod Kit,https://vapeshop.co.uk/products/aspire-loomix-pod-kit,,,
vapeshop.co.uk,avomi cliq mini kit,avomi,kit,14,blueberry ice; blueberry sour raspberry; cola ice; fizzy cherry; lemon lime; menthol; orange soda; pineapple ice; raspberry blackcurrant; red raspberry; spearmint; strawberry ice; strawberry raspberry cherry ice; watermelon ice,,2.99,1,Avomi Cliq Mini Kit,https://vapeshop.co.uk/products/avomi-cliq-mini-kit,,avomi cliq 6000 puff pod vape kit,0.3
vapeshop.co.uk,blu box kit,blu,kit,0,,"colour: mint, strawberry",5.99,1,Blu Box Kit,https://vapeshop.co.uk/products/blu-box-kit,,,
vapeshop.co.uk,elfbar plus 12 kit,elf bar,kit,12,banana ice; blueberry; blueberry sour raspberry; cherry; cola; grape; mango; peach ice; pink lemonade; spearmint; strawberry raspberry cherry ice; watermelon,,7.99,1,Elfbar Plus 12 Kit,https://vapeshop.co.uk/products/elfbar-plus-12-kit,,elf bar plus 50 prefilled pod kit,0.2
vapeshop.co.uk,elux legend 1500 2in1 kit,elux,kit,6,blue; blueberry; cherries; fruit; watermelon; yellow,,5.0,1,Elux Legend 1500 2in1 Kit,https://vapeshop.co.uk/products/elux-legend-1500-kit,,Elux Legend 1500 Puffs Vape Kit,0.24
vapeshop.co.uk,geekvape soul 2 kit,geekvape,kit,0,,"colour: black, blush pink, pearl white",15.99,1,Geekvape Soul 2 Kit,https://vapeshop.co.uk/products/geekvape-soul-2-kit,,geek vape aegis legend 2 vape kit,0.4
vapeshop.co.uk,icon vape device,icon vape,kit,0,,colour: shadow grey,4.99,1,ICON Vape Device,https://vapeshop.co.uk/products/icon-pod-device-vape-kit,,,
vapeshop.co.uk,ivg xl35 kit,ivg,kit,2,guava pineapple passion fruit; peach ice,,7.99,1,IVG XL35 Kit,https://vapeshop.co.uk/products/ivg-xl35-kit,,ivg xl 35k prefilled pod kit,0.2
vapeshop.co.uk,juul2 device,juul,kit,0,,,11.99,1,JUUL2 Device,https://vapeshop.co.uk/products/juul2-device,,,
vapeshop.co.uk,juul2 starter kit with 2 pods,juul,kit,1,virginia tobacco crisp menthol,,15.99,1,JUUL2 Starter Kit With 2 Pods,https://vapeshop.co.uk/products/juul2-starter-kit,,,
vapeshop.co.uk,Pod Kit By Orca Vape X Gerobak,orca vape,kit,1,san dynasty,"colour: baby pink, black panther, denim",13.99,1,San Dynasty Pod Kit By Orca Vape X Gerobak,https://vapeshop.co.uk/products/san-dynasty-pod-kit-by-orca-vape-x-gerobak,,,
vapeshop.co.uk,oxva slim stick kit,oxva,kit,1,gold lychee ice,"colour: black kiwi passion fruit, blue blueberry, gray mint, pink watermelon, purple lemon lime",7.99,1,OXVA Slim Stick Kit,https://vapeshop.co.uk/products/oxva-slim-stick-kit,,,
vapeshop.co.uk,oxva vprime vape kit,oxva,kit,0,,"colour: blue leather, glorious gold, sakura pink",23.99,1,OXVA VPrime Vape Kit,https://vapeshop.co.uk/products/oxva-vprime-vape-kit,,oxva vprime 2 pod kit,0.3
vapeshop.co.uk,refilla vape kit,refilla,kit,0,,"colour: blue, green, red, yellow",9.99,1,Refilla Vape Kit,https://vapeshop.co.uk/products/refilla-vape-kit,,,
vapeshop.co.uk,ske bar kit,ske,kit,36,apple peach; berry ice; blue fusion; blue raspberry lemonade; blueberry cherry cranberry; blueberry peach ice; blueberry raspberry; blueberry sour raspberry; cherry ice; cola ice; fizzy cherry; gami rare; hubble bubbla; juicy pomegranate; kiwi passion fruit guava; lemon candy; lemon lime hubahuba; lemon peach passion fruit; mango ice; mango lime; mango sour orange; menthol; peach ice; pineapple peach mango; pink lemonade; sour apple ice; starfruit mulberry lemon; strawberry blast; strawberry burst; strawberry kiwi; strawberry raspberry; sweet melon; sweet mint; tobacco; vmt ice; watermelon ice,,3.99,1,SKE Bar Kit,https://vapeshop.co.uk/products/ske-bar-kit,,,
vapeshop.co.uk,voopoo spark 220 vape kit,voopoo,kit,0,,"colour: midnight black, space blue, tech silver",32.99,1,VooPoo Spark 220 Vape Kit,https://vapeshop.co.uk/products/voopoo-spark-220-vape-kit,,,
vapeshop.co.uk,voopoo vinci e80 kit,voopoo,kit,0,,"colour: gold, rose red",25.99,1,Voopoo Vinci E80 Kit,https://vapeshop.co.uk/products/voopoo-vinci-e80-kit,,voopoo vinci s vape pod kit,0.3
vapeshop.co.uk,voopoo vinci spark 100 vape kit,voopoo,kit,0,,colour: silver,36.99,1,VooPoo Vinci Spark 100 Vape Kit,https://vapeshop.co.uk/products/voopoo-vinci-spark-100-vape-kit,,voopoo vinci royal edition pod starter kit,0.25
vapeshop.co.uk,vuse epod 2 device,vuse,kit,0,,colour: graphite,4.99,1,Vuse ePod 2 Device,https://vapeshop.co.uk/products/vuse-epod-2-device,,,
vapeshop.co.uk,lost vape centaurus m200 10th anniversary mod,lost vape,mod,0,,colour: pink formless,33.99,1,Lost Vape Centaurus M200 10th Anniversary Mod,https://vapeshop.co.uk/products/lost-vape-centaurus-m200-10th-anniversary-mod,,lost vape centaurus n200 vape kit,0.24
vapeshop.co.uk,Nic Salt By Aqua Salts 10Ml,aquavape,nicsalt,10,blue raspberry; blue raspberry lemonade; blue sour raspberry; cherry ice; fizzy cherry; kiwi passion guava; lemon lime; sour pineapple; strawberry; watermelon ice,"strength: 10mg, 20mg",0.7,10,Blue Sour Raspberry Nic Salt by Aqua Salts 10ml,https://vapeshop.co.uk/products/blue-sour-raspberry-nic-salt-by-aqua-salts-10ml,https://vapeshop.co.uk/products/watermelon-ice-nic-salt-by-aqua-salts-10ml https://vapeshop.co.uk/products/strawberry-nic-salt-by-aqua-salts-10ml https://vapeshop.co.uk/products/sour-pineapple-nic-salt-by-aqua-salts-10ml,,
vapeshop.co.uk,Nic Salt By Bar Works 10Ml,bar works,nicsalt,10,blue raspberry lemonade; blue sour raspberry; heisen berry; kiwi passion fruit guava; menthol ice; pink lemonade ice; spearmint ice; strawberry banana; sweet strawberry; watermelon ice,"strength: 10mg, 20mg, 5mg",2.99,10,Watermelon Ice Nic Salt by Bar Works - 10ml,https://vapeshop.co.uk/products/watermelon-ice-nic-salt-by-bar-works-10ml,https://vapeshop.co.uk/products/sweet-strawberry-nic-salt-by-bar-works-10ml https://vapeshop.co.uk/products/strawberry-banana-nic-salt-by-bar-works-10ml https://vapeshop.co.uk/products/spearmint-ice-nic-salt-by-bar-works-10ml,,
vapeshop.co.uk,Nic Salt By Dinner Lady Dessert Bar Range,dinner lady,nicsalt,9,apple crumble custard; banoffee pie; berry jam on toast; key lime tart; lemon tart; pistachio gelato; raspberry tart; salted caramel waffle; san sabastian cheesecake,"strength: 10mg, 20mg",3.99,9,Pistachio Gelato Nic Salt by Dinner Lady Dessert Bar Range,https://vapeshop.co.uk/products/pistachio-gelato-nic-salt-by-dinner-lady-dessert-bar-range,https://vapeshop.co.uk/products/san-sabastian-cheesecake-nic-salt-by-dinner-lady-dessert-bar-range https://vapeshop.co.uk/products/salted-caramel-waffle-nic-salt-by-dinner-lady-dessert-bar-range https://vapeshop.co.uk/products/raspberry-tart-nic-salt-by-dinner-lady-dessert-bar-range,dinner lady dessert bar salts 5mg 10ml nic salts,0.57
vapeshop.co.uk,Nic Salt By Seriously Soda Salts 10Ml,doozy vape co,nicsalt,1,guava passion,strength: 10mg,2.99,1,Guava Passion Nic Salt by Seriously Soda Salts 10ml,https://vapeshop.co.uk/products/guava-passion-nic-salt-by-seriously-salty-10ml,,seriously bar salts 10ml juice,0.57
vapeshop.co.uk,Nic Salt By Elux 10Ml,elux,nicsalt,55,apple peach; banana ice; berry lemonade; black cherry; blackberry ice; blackcurrant lemonade; blackcurrant menthol; blue raspberry bubblegum; blue raspberry cherry; blue raspberry gummy; blueberry; blueberry bubblegum; blueberry cherry cranberry; blueberry raspberry; blueberry sour raspberry; cherry ice; cherry lime; cherry sour raspberry; cola; double apple; fizzy cherry; fresh menthol mojito; fresh mint; grape; grape berry; grape gummy bear; gummy bear; hawaii sunrise; juicy peach; kiwi passion fruit guava; lemon lime; lemon peach passion fruit; lemonade; menthol; mr blue; oasis; pineapple ice; pink lemonade; rainbow; raspberry peach; raspberry watermelon; red berry ice; spearmint; straight tobacco; strawberry ice; strawberry ice cream; strawberry kiwi; strawberry raspberry cherry; strawberry watermelon bubblegum; summer dream; tiger blood; triple mango; triple melon; vanilla tobacco; watermelon ice,"strength: 10mg, 20mg, 5mg",3.99,55,Spearmint Nic Salt by Elux 10ml,https://vapeshop.co.uk/products/spearmint-nic-salt-by-elux-10ml,https://vapeshop.co.uk/products/red-berry-ice-nic-salt-by-elux-10ml https://vapeshop.co.uk/products/raspberry-peach-nic-salt-by-elux-10ml https://vapeshop.co.uk/products/blue-razz-bubblegum-nic-salt-by-elux-10ml,,
vapeshop.co.uk,Nic Salt By Just Juice,just juice,nicsalt,2,raspberry grapefruit; vanilla rhubarb,"strength: 10mg, 5mg",3.99,2,Vanilla Rhubarb Nic Salt by Just Juice,https://vapeshop.co.uk/products/vanilla-rhubarb-bar-nic-salt-by-just-juice,https://vapeshop.co.uk/products/raspberry-grapefruit-bar-nic-salt-by-just-juice,,
vapeshop.co.uk,Nic Salt By Just Juice Bar,just juice,nicsalt,11,blackcurrant lemonade; caribbean twist; dragonfruit raspberry; ice caramel macchiato; lemon lime; lychee mango; sour blue raspberry lime; spearmint; strawberry kiwi; tropical peach; xxx,"strength: 10mg, 20mg, 5mg",3.99,11,Caribbean Twist Nic Salt by Just Juice Bar,https://vapeshop.co.uk/products/caribbean-twist-nic-salt-by-just-juice-bar,https://vapeshop.co.uk/products/xxx-bar-nic-salt-by-just-juice https://vapeshop.co.uk/products/tropical-peach-bar-nic-salt-by-just-juice https://vapeshop.co.uk/products/strawberry-kiwi-bar-nic-salt-by-just-juice,,
vapeshop.co.uk,Nic Salt By Just Juice Dessert,just juice,nicsalt,7,banana caramel waffle; banoffee pie; cinnamon pancakes; key lime pie; lemon tart; strawberry cheesecake; white chocolate raspberry cheesecake,"strength: 10mg, 20mg, 5mg",3.99,7,Key Lime Pie Nic Salt by Just Juice Dessert,https://vapeshop.co.uk/products/key-lime-pie-nic-salt-by-just-juice-dessert,https://vapeshop.co.uk/products/lemon-tart-nic-salt-by-just-juice-dessert https://vapeshop.co.uk/products/banoffee-pie-nic-salt-by-just-juice-dessert https://vapeshop.co.uk/products/banana-caramel-waffle-nic-salt-by-just-juice-dessert,,
vapeshop.co.uk,Ox Passion Nic Salt,ox passion,nicsalt,14,blackcurrant squash; blue bubble; cherry bbg; citrus mango guava; dragon fruit; fruity gum; lychee ice; melon banana; melon berry; menthol; pina colada; pink guava; strawberry coconut; strawberry raspberry mojito,"strength: 10mg, 20mg",3.99,14,Lychee Ice Ox Passion Nic Salt,https://vapeshop.co.uk/products/lychee-ice-ox-passion-nic-salt,https://vapeshop.co.uk/products/dragon-fruit-ox-passion-nic-salt https://vapeshop.co.uk/products/fruity-gum-ox-passion-nic-salt https://vapeshop.co.uk/products/strawberry-coconut-ox-passion-nic-salt,,
vapeshop.co.uk,Nic Salt,oxva,nicsalt,6,hub bbg ox passion; juicy peach ox passion; red slush ox passion; rinbo ox passion; spearmint ox passion; strawberry twist ox passion,"strength: 10mg, 20mg",3.99,6,Juicy Peach Ox Passion Nic Salt,https://vapeshop.co.uk/products/juicy-peach-ox-passion-nic-salt,https://vapeshop.co.uk/products/red-slush-ox-passion-nic-salt https://vapeshop.co.uk/products/hub-bbg-ox-passion-nic-salt https://vapeshop.co.uk/products/rinbo-ox-passion-nic-salt,Oxva Ox Passion 10Ml Nic Salt E-Liquid,0.45
vapeshop.co.uk,Riot Bar Edtn Nic Salt 10Ml,riot squad,nicsalt,10,apple lime chill; black grape glacier; blue peach; blue raspberry citrus; blueberry acai cooler; pineapple citrus; pink raspberry citrus; strawberry cherry raspberry; strawberry melon cooler; strawberry peach raspberry,"strength: 10mg, 20mg",1.19,10,Strawberry Peach Razz Riot Bar EDTN Nic Salt 10ml,https://vapeshop.co.uk/products/strawberry-peach-razz-riot-bar-edtn-nic-salt-10ml,https://vapeshop.co.uk/products/strawberry-cherry-razz-riot-bar-edtn-nic-salt-10ml https://vapeshop.co.uk/products/pineapple-citrus-riot-bar-edtn-nic-salt-10ml https://vapeshop.co.uk/products/blue-razz-citrus-riot-bar-edtn-nic-salt-10ml,,
vapeshop.co.uk,Riot Squad Hybrid Nic Salt,riot squad,nicsalt,4,cherry menthol; ice menthol; pink grenade; sub lime,"strength: 10mg, 20mg, 5mg",2.99,4,Ice Menthol Riot Squad Hybrid Nic Salt,https://vapeshop.co.uk/products/ice-menthol-riot-squad-hybrid-nic-salt,https://vapeshop.co.uk/products/sub-lime-riot-squad-hybrid-nic-salt https://vapeshop.co.uk/products/pink-grenade-riot-squad-hybrid-nic-salt https://vapeshop.co.uk/products/cherry-menthol-riot-squad-hybrid-nic-salt,,
vapeshop.co.uk,shorty nics ice nic salts - 10ml,shorty nics,nicsalt,0,,,1.49,1,Shorty Nics Ice Nic Salts - 10ml,https://vapeshop.co.uk/products/shorty-nics-ice-nic-salts-10ml,,,
vapeshop.co.uk,shorty nics nic salt shot - 10ml,shorty nics,nicsalt,0,,strength: 20mg salt,1.49,1,Shorty Nics Nic Salt Shot - 10ml,https://vapeshop.co.uk/products/shorty-nics-nic-salt-shots,,,
vapeshop.co.uk,Titan Nic Salt,titan,nicsalt,7,banana ice; blueberry cherry cranberry; cool mint; fruit punch; pineapple ice; strawberry raspberry cherry; watermelon ice,"strength: 10mg, 20mg",3.99,7,Watermelon Ice Titan Nic Salt,https://vapeshop.co.uk/products/watermelon-ice-titan-nic-salt,https://vapeshop.co.uk/products/banana-ice-titan-nic-salt https://vapeshop.co.uk/products/fruit-punch-titan-nic-salt https://vapeshop.co.uk/products/strawberry-raspberry-cherry-titan-nic-salt,,
vapeshop.co.uk,Ultd Lemberry Nic Salt 10Ml,ultd,nicsalt,1,brew,"strength: 10mg, 20mg, 5mg",2.99,1,ULTD Lemberry Brew Nic Salt - 10ml,https://vapeshop.co.uk/products/ultd-lemberry-brew-nic-salt-10ml,,,
vapeshop.co.uk,Ultd Nic Salt 10Ml,ultd,nicsalt,7,apple blow; getsome grape; mango crush; raspberry twist; slushberry; strawberry kiwi; watermelon blast,"strength: 10mg, 20mg, 5mg",0.99,7,ULTD Watermelon Blast Nic Salt - 10ml,https://vapeshop.co.uk/products/ultd-watermelon-blast-nic-salt-10ml,https://vapeshop.co.uk/products/ultd-strawberry-kiwi-nic-salt-10ml https://vapeshop.co.uk/products/ultd-mango-crush-nic-salt-10ml https://vapeshop.co.uk/products/ultd-slushberry-nic-salt-10ml,,
vapeshop.co.uk,ultd blue razzmania nic salt - 10ml,ultd,nicsalt,0,,"strength: 10mg, 20mg, 5mg",2.99,1,ULTD Blue Razzmania Nic Salt - 10ml,https://vapeshop.co.uk/products/ultd-blue-razzmania-nic-salt-10ml,,,
vapeshop.co.uk,ultd citrus seven nic salt - 10ml,ultd,nicsalt,0,,"strength: 10mg, 20mg, 5mg",2.99,1,ULTD Citrus Seven Nic Salt - 10ml,https://vapeshop.co.uk/products/ultd-citru-seven-nic-salt-eliquid-10ml,,,
vapeshop.co.uk,ultd kpg nic salt - 10ml,ultd,nicsalt,0,,"strength: 10mg, 20mg",0.99,1,ULTD KPG Nic Salt - 10ml,https://vapeshop.co.uk/products/ultd-kpg-nic-salt-10ml,,,
vapeshop.co.uk,ultd pomberry plunge nic salt - 10ml,ultd,nicsalt,0,,"strength: 10mg, 20mg, 5mg",2.99,1,ULTD Pomberry Plunge Nic Salt - 10ml,https://vapeshop.co.uk/products/ultd-pomberry-plunge-nic-salt-10ml,,,
vapeshop.co.uk,ultd strawberry slayer nic salt - 10ml,ultd,nicsalt,0,,"strength: 10mg, 20mg, 5mg",2.99,1,ULTD Strawberry Slayer Nic Salt - 10ml,https://vapeshop.co.uk/products/ultd-strawberry-slayer-nic-salt-10ml,,,
vapeshop.co.uk,Vapemate Nic Salt 10Ml,vapemate,nicsalt,5,blue slush blast; fresh raspberry; lemon lime; menthol mist; sweet grape,"strength: 10mg, 20mg",2.99,5,Blue Slush Blast Vapemate Nic Salt - 10ml,https://vapeshop.co.uk/products/blue-slush-blast-vapemate-nic-salt-10ml,https://vapeshop.co.uk/products/lemon-n-lime-vapemate-nic-salt-10ml https://vapeshop.co.uk/products/sweet-grape-vapemate-nic-salt-10ml https://vapeshop.co.uk/products/menthol-mist-vapemate-nic-salt-10ml,,
vapeshop.co.uk,Nic Salt By Zorva,zorva,nicsalt,2,mix berry; rainbow burst,strength: 10mg,0.99,2,Rainbow Burst Nic Salt by Zorva,https://vapeshop.co.uk/products/rainbow-burst-nic-salt-by-zorva,https://vapeshop.co.uk/products/mixed-berries-nic-salt-by-zorva,,
vapeshop.co.uk,aquavape nic juice nic shot,aquavape,nicshot,0,,,1.49,1,Aquavape Nic Juice Nic Shot,https://vapeshop.co.uk/products/aquavape-nic-juice-nic-shot,,,
vapeshop.co.uk,drifter bar salts nic shot 10ml,drifter,nicshot,0,,strength: 20mg,1.19,1,Drifter Bar Salts Nic Shot 10ml,https://vapeshop.co.uk/products/drifter-bar-salts-nic-shot-10ml,,,
vapeshop.co.uk,shorty nics ice nic shot - 10ml,shorty nics,nicshot,0,,,1.49,1,Shorty Nics Ice Nic Shot - 10ml,https://vapeshop.co.uk/products/shorty-nics-ice-nic-shot-10ml,,,
vapeshop.co.uk,shorty nics nic shot - 10ml,shorty nics,nicshot,0,,"strength: 18mg, 9mg",1.49,1,Shorty Nics Nic Shot - 10ml,https://vapeshop.co.uk/products/shorty-nics-nic-shot-9mg,,,
vapeshop.co.uk,vapemate classic nic shot 18mg 10ml,vapemate,nicshot,0,,,1.49,1,Vapemate Classic Nic Shot 18mg 10ml,https://vapeshop.co.uk/products/vapemate-classic-nic-shot-18mg-10ml,,,
vapeshop.co.uk,wizmaxx max vg nic shot - 10ml,wizmaxx,nicshot,0,,strength: 18mg medium high,1.49,1,WizMAXX MAX VG Nic Shot - 10ml,https://vapeshop.co.uk/products/wizmix-unflavoured-maxvg-10ml,,,
vapeshop.co.uk,wizmix 50/50 pg/vg nic shot - 10ml,wizmix,nicshot,0,,strength: 18mg medium high,1.49,1,WizMix 50/50 PG/VG Nic Shot - 10ml,https://vapeshop.co.uk/products/wizmix-unflavoured-nic-shot-eliquid-10ml,,,
vapeshop.co.uk,Aquavape 2In1 Pods,aquavape,pods,11,blue raspberry; blue raspberry lemonade; cherry; cherry fizz; kiwi passion; mint; pineapple; pineapple mango; raspberry; strawberry; strawberry raspberry,strength: 20mg,1.99,11,Pineapple Mango Aquavape 2in1 Pods,https://vapeshop.co.uk/products/pineapple-mango-aquavape-2in1-pods,https://vapeshop.co.uk/products/cherry-aquavape-2in1-pods https://vapeshop.co.uk/products/strawberry-raspberry-aquavape-2in1-pods https://vapeshop.co.uk/products/pineapple-aquavape-2in1-pods,,
vapeshop.co.uk,aquavape innokin endura vcap pods,aquavape,pods,0,,resistance: 0.8ohms,8.99,1,Aquavape Innokin Endura VCAP Pods,https://vapeshop.co.uk/products/aquavape-innokin-endura-vcap-pods,,,
vapeshop.co.uk,aspire bp80 replacement 2ml pod (pack of 1),aspire,pods,0,,,1.99,1,Aspire BP80 Replacement 2ml Pod (Pack of 1),https://vapeshop.co.uk/products/aspire-bp80-replacement-pod-pack-of-1,,aspire bp stik replacement pods pack of 1,0.2
vapeshop.co.uk,aspire veynom air pod,aspire,pods,0,,,2.99,1,Aspire Veynom Air Pod,https://vapeshop.co.uk/products/aspire-veynom-air-pod,,,
vapeshop.co.uk,Avomi Fliq 4In1 Pods,avomi,pods,4,grape ice; kiwi passion fruit guava; lemon tangerine ice; watermelon ice,strength: 20mg,4.95,4,Watermelon Ice Avomi Fliq 4in1 Pods,https://vapeshop.co.uk/products/watermelon-ice-avomi-fliq-4in1-pods,https://vapeshop.co.uk/products/lemon-tangerine-ice-avomi-fliq-4in1-pods https://vapeshop.co.uk/products/kiwi-passionfruit-guava-avomi-fliq-4in1-pods https://vapeshop.co.uk/products/grape-ice-avomi-fliq-4in1-pods,,
vapeshop.co.uk,eleaf ep replacement pod,eleaf,pods,0,,,2.99,1,Eleaf EP Replacement Pod,https://vapeshop.co.uk/products/eleaf-ep-replacement-pod,,,
vapeshop.co.uk,geekvape aegis hero 5 pod,geekvape,pods,0,,"colour: black, white",2.99,1,Geekvape Aegis Hero 5 Pod,https://vapeshop.co.uk/products/geekvape-aegis-hero-5-pod,,geekvape aegis hero replacement pod,0.4
vapeshop.co.uk,B Gum Hayati Mini Ultra Refill Pods,hayati,pods,1,straw watermelon,strength: 20mg,2.99,1,Straw' Watermelon B' Gum Hayati Mini Ultra Refill Pack,https://vapeshop.co.uk/products/straw-watermelon-b-gum-hayati-mini-ultra-refill-pack,,B Gum Hayati Pro Ultra Plus 25000 Prefilled Pods,0.37
vapeshop.co.uk,B Gum Hayati Pro Max Plus Refill Pods,hayati,pods,1,blueberry,strength: 20mg,6.99,1,Blueberry B'Gum Hayati Pro Max+ Refill Pack,https://vapeshop.co.uk/products/blueberry-bgum-hayati-pro-max-refill-pack,,B Gum Hayati Pro Ultra Plus 25000 Prefilled Pods,0.5
vapeshop.co.uk,hayati quokka pods,hayati,pods,0,,resistance: 1.2ohm,5.99,1,Hayati Quokka Pods,https://vapeshop.co.uk/products/hayati-quokka-pods,,hayati quokka replacement pods – 0.6ω/0.8ω/1.2ω side-fill,0.5
vapeshop.co.uk,icon aquavape british tobacco pods (pack of 3),icon vape,pods,0,,"strength: 10mg, 20mg",5.99,1,ICON Aquavape British Tobacco Pods (Pack of 3),https://vapeshop.co.uk/products/icon-aqua-vape-british-tobacco-pods-pack-of-3,,,
vapeshop.co.uk,icon vape fresh menthol pods (pack of 3),icon vape,pods,0,,"strength: 10mg, 20mg",5.99,1,ICON Vape Fresh Menthol Pods (Pack of 3),https://vapeshop.co.uk/products/icon-vape-fresh-menthol-pods-pack-of-3,,,
vapeshop.co.uk,icon vape menthol pods (pack of 3),icon vape,pods,0,,"strength: 10mg, 20mg",5.99,1,ICON Vape Menthol Pods (Pack of 3),https://vapeshop.co.uk/products/icon-vape-menthol-pods-pack-of-3,,,
vapeshop.co.uk,icon vape tobacco pods (pack of 3),icon vape,pods,0,,"strength: 10mg, 20mg",5.99,1,ICON Vape Tobacco Pods (Pack of 3),https://vapeshop.co.uk/products/icon-vape-tobacco-pods-pack-of-3,,,
vapeshop.co.uk,innokin ne-mo pods,innokin,pods,0,,"resistance: 0.4ohms, 0.6ohms, 0.8ohms",3.99,1,Innokin Ne-Mo Pods,https://vapeshop.co.uk/products/innokin-ne-mo-pods,,,
vapeshop.co.uk,Edition Ivg 2400 Refill Pods,ivg,pods,24,berry; blackcurrant; blue; blueberry; cherry; fizzy; fruit mint; fruits; grape; juicy; mango; melon; peach; pineapple; pink; pomegranate; purple; red; red raspberry; shisha; strawberry; summer; watermelon; yellow,strength: 20mg,6.99,24,Mango Edition IVG 2400 Refill Pods,https://vapeshop.co.uk/products/mango-edition-ivg-2400-refill-pods,https://vapeshop.co.uk/products/red-raspberry-edition-ivg-2400-refill-pods https://vapeshop.co.uk/products/fruit-n-mint-edition-ivg-2400-refill-pods https://vapeshop.co.uk/products/melon-edition-ivg-2400-refill-pods,ivg 2400 reload 4-in-1 prefilled pods pack of 4,0.12
vapeshop.co.uk,pro blue ivg smart max refill pack,ivg,pods,0,,strength: 20mg,6.99,1,Pro Blue IVG Smart Max Refill Pack,https://vapeshop.co.uk/products/pro-blue-ivg-smart-max-refill-pack,,box of 5 ivg pro refill pods,0.55
vapeshop.co.uk,special edition ivg 2400 refill pods,ivg,pods,0,,strength: 20mg,6.99,1,Special Edition IVG 2400 Refill Pods,https://vapeshop.co.uk/products/special-edition-ivg-2400-refill-pods,,ivg 2400 reload 4-in-1 prefilled pods pack of 4,0.1
vapeshop.co.uk,joyetech evio grip replacement pods,joyetech,pods,0,,resistance: no,2.39,1,Joyetech EVIO Grip Replacement Pods,https://vapeshop.co.uk/products/joyetech-evio-grip-replacement-pods,,,
vapeshop.co.uk,juul2 crisp menthol (pack of 2),juul,pods,0,,strength: 18mg,6.99,1,JUUL2 Crisp Menthol (Pack of 2),https://vapeshop.co.uk/products/juul2-crisp-menthol,,,
vapeshop.co.uk,juul2 lychee (pack of 2),juul,pods,0,,strength: 18mg,6.99,1,JUUL2 Lychee (Pack of 2),https://vapeshop.co.uk/products/juul2-lychee-pack-of-2,,,
vapeshop.co.uk,juul2 peach (pack of 2),juul,pods,0,,strength: 18mg,6.99,1,JUUL2 Peach (Pack of 2),https://vapeshop.co.uk/products/juul-2-peach-pack-of-2,,,
vapeshop.co.uk,juul2 polar menthol (pack of 2),juul,pods,0,,strength: 18mg,6.99,1,JUUL2 Polar Menthol (Pack of 2),https://vapeshop.co.uk/products/juul2-polar-menthol,,,
vapeshop.co.uk,juul2 ruby menthol (pack of 2),juul,pods,0,,strength: 18mg,6.99,1,JUUL2 Ruby Menthol (Pack of 2),https://vapeshop.co.uk/products/juul2-ruby-menthol,,,
vapeshop.co.uk,juul2 summer menthol (pack of 2),juul,pods,0,,strength: 18mg,6.99,1,JUUL2 Summer Menthol (Pack of 2),https://vapeshop.co.uk/products/juul2-summer-menthol,,,
vapeshop.co.uk,juul2 virginia tobacco (pack of 2),juul,pods,0,,strength: 18mg,6.99,1,JUUL2 Virginia Tobacco (Pack of 2),https://vapeshop.co.uk/products/juul2-virginia-tobacco,,,
vapeshop.co.uk,juul2 watermelon (pack of 2),juul,pods,0,,strength: 18mg,6.99,1,JUUL2 Watermelon (Pack of 2),https://vapeshop.co.uk/products/juul2-watermelon-pack-of-2,,,
vapeshop.co.uk,Slim Stick Cartridges By Oxva,oxva,pods,10,blueberry; cola ice; kiwi passion fruit; lemon lime; lychee ice; mint; pineapple; pink lemonade; strawberry raspberry cherry; watermelon,,4.99,10,Mint Slim Stick Cartridges by OXVA,https://vapeshop.co.uk/products/mint-slim-stick-cartridges-by-oxva,https://vapeshop.co.uk/products/lemon-lime-slim-stick-cartridges-by-oxva https://vapeshop.co.uk/products/pineapple-slim-stick-cartridges-by-oxva https://vapeshop.co.uk/products/pink-lemonade-slim-stick-cartridges-by-oxva,,
vapeshop.co.uk,smok nord 6 pods,smok,pods,0,,"resistance: 0.4ohm, empty pod",5.99,1,SMOK Nord 6 Pods,https://vapeshop.co.uk/products/smok-nord-6-pods,,Smok Nord Refill Pods,0.3
vapeshop.co.uk,10 motives menthol refills,ten motives,pods,0,,"strength: 11mg, 16mg",7.49,1,10 Motives Menthol Refills,https://vapeshop.co.uk/products/10-motives-menthol-eliquid-refills,,,
vapeshop.co.uk,10 motives regular refills,ten motives,pods,0,,"strength: 11mg, 16mg, 20mg",7.49,1,10 Motives Regular Refills,https://vapeshop.co.uk/products/10-motives-regular-eliquid-refills,,,
vapeshop.co.uk,vaporesso armour g series pods,vaporesso,pods,0,,,8.99,1,Vaporesso Armour G Series Pods,https://vapeshop.co.uk/products/vaporesso-armour-g-series-pods,,vaporesso armour g / gs replacement pods pack of 2,0.4
vapeshop.co.uk,voopoo vinci s pods,voopoo,pods,0,,resistance: 0.8ohm,5.99,1,VooPoo Vinci S Pods,https://vapeshop.co.uk/products/voopoo-vinci-s-pods,,voopoo vinci replacement pods pack of 3,0.45
vapeshop.co.uk,voopoo vmate v2 replacement pods (pack of 2),voopoo,pods,0,,"resistance: 0.7ohms, 1.2ohms",4.49,1,VooPoo Vmate V2 Replacement Pods (Pack of 2),https://vapeshop.co.uk/products/voopoo-vmate-v2-replacement-pods-pack-of-2,,voopoo vinci v2 refillable pods pack of 3,0.4
vapeshop.co.uk,Vuse Pro Pods,vuse,pods,20,berry blend; berry watermelon; blackcurrant ice; blueberry ice; blueberry raspberry; cherry ice; creamy tobacco; dark cherry; double apple; double melon; grape ice; lemon lime; mango ice; mint ice; passion fruit ice; raspberry ice; spear mint ice; strawberry ice; strawberry kiwi; watermelon ice,"strength: 10mg, 20mg",5.99,20,Spear Mint Ice Vuse Pro Pods,https://vapeshop.co.uk/products/spear-mint-ice-vuse-pro-pods,https://vapeshop.co.uk/products/cherry-ice-vuse-pro-pods https://vapeshop.co.uk/products/raspberry-ice-vuse-pro-pods https://vapeshop.co.uk/products/double-apple-vuse-pro-pods,,
vapeshop.co.uk,vuse epod vpro golden tobacco pods,vuse,pods,0,,"strength: 10mg, 20mg",5.45,1,Vuse ePod vPro Golden Tobacco Pods,https://vapeshop.co.uk/products/vuse-epod-2-cartridges-vpro-golden-tobacco,,,
vapeshop.co.uk,vuse pro pods vpro chilled mint,vuse,pods,0,,"strength: 10mg, 20mg, 6mg",5.45,1,Vuse Pro Pods vPro Chilled Mint,https://vapeshop.co.uk/products/vuse-pro-pods-vpro-chilled-mint,,,
vapeshop.co.uk,vuse pro pods vpro original strawberry,vuse,pods,0,,,5.99,1,Vuse Pro Pods vPro Original Strawberry,https://vapeshop.co.uk/products/vuse-pro-pods-vpro-original-strawberry,,,
vapeshop.co.uk,vuse pro pods vpro passionfruit ice,vuse,pods,0,,strength: 12mg,5.45,1,Vuse Pro Pods vPro Passionfruit Ice,https://vapeshop.co.uk/products/vuse-pro-pods-vpro-passion-fruit-ice,,,
vapeshop.co.uk,vuse pro pods vpro tropical mango,vuse,pods,0,,"strength: 10mg, 12mg, 20mg",5.99,1,Vuse Pro Pods vPro Tropical Mango,https://vapeshop.co.uk/products/vuse-pro-pods-vpro-tropical-mango,,,
vapeshop.co.uk,Killa Pouches,killa,pouch,10,apple; bubblegum; cappuccino; cola; cold x mint; grape ice; mango ice; pineapple; spearmint; white coffee,strength: 16mg,3.99,10,Spearmint Killa Nicotine Pouches,https://vapeshop.co.uk/products/spearmint-killa-nicotine-pouches,https://vapeshop.co.uk/products/cappuccino-killa-nicotine-pouches https://vapeshop.co.uk/products/white-coffee-killa-nicotine-pouches https://vapeshop.co.uk/products/mango-ice-killa-nicotine-pouches,,
vapeshop.co.uk,Melta Nicotine Strips,melta,pouch,4,banana; orange; peppermint; vanilla,strength: 2mg,3.99,4,Vanilla Melta Nicotine Strips,https://vapeshop.co.uk/products/vanilla-melta-nicotine-strips,https://vapeshop.co.uk/products/peppermint-melta-nicotine-strips https://vapeshop.co.uk/products/orange-melta-nicotine-strips https://vapeshop.co.uk/products/banana-melta-nicotine-strips,,
vapeshop.co.uk,Pablo Gold Edition Pouches,pablo,pouch,8,blue raspberry; dark cherry; frosted ice; frosted mint; kiwi; passion fruit; tropical punch; white mint,strength: 17mg,3.99,8,White Mint Pablo Gold Edition Nicotine Pouches,https://vapeshop.co.uk/products/white-mint-pablo-gold-edition-nicotine-pouches,https://vapeshop.co.uk/products/blue-raspberry-pablo-gold-edition-nicotine-pouches https://vapeshop.co.uk/products/dark-cherry-pablo-gold-edition-nicotine-pouches https://vapeshop.co.uk/products/tropical-punch-pablo-gold-edition-nicotine-pouches,,
vapeshop.co.uk,Velo Mini Pouches,velo,pouch,8,bright spearmint; cherry ice; orange ice; purple grape; ruby berry; strawberry ice; tangy lime; tropical ice,"strength: 4mg, 6mg",3.99,8,Tangy Lime Velo Mini Nicotine Pouches,https://vapeshop.co.uk/products/tangy-lime-velo-mini-nicotine-pouches,https://vapeshop.co.uk/products/cherry-ice-velo-mini-nicotine-pouches https://vapeshop.co.uk/products/tropical-ice-velo-mini-nicotine-pouches https://vapeshop.co.uk/products/orange-ice-velo-mini-nicotine-pouches,,
vapeshop.co.uk,Xqs Pouches,xqs,pouch,1,menthol,strength: 17mg,4.99,1,The Menthol XQS Nicotine Pouches,https://vapeshop.co.uk/products/the-menthol-xqs-nicotine-pouches,,,
vapeshop.co.uk,Mini Zyn Pouches,zyn,pouch,1,black cherry,strength: strong 6mg,5.99,1,Black Cherry Mini ZYN Nicotine Pouches,https://vapeshop.co.uk/products/black-cherry-mini-zyn-nicotine-pouches,,,
vapeshop.co.uk,By Aquavape 50Ml,aquavape,shortfill,1,blackcurrant lemonade,,9.99,1,Blackcurrant Lemonade by Aquavape 50ml,https://vapeshop.co.uk/products/blackcurrant-lemonade-by-aquavape-50ml,,,
vapeshop.co.uk,button junkie koala drool short fill - 50ml,button junkie,shortfill,0,,,11.99,1,Button Junkie Koala Drool Short Fill - 50ml,https://vapeshop.co.uk/products/button-junkie-koala-drool-short-fill-eliquid-50ml,,,
vapeshop.co.uk,By Rodeo Ultra 100Ml,rodeo,shortfill,2,mega melons; triple menthol,,6.99,2,Triple Menthol by Rodeo Ultra 100ml,https://vapeshop.co.uk/products/triple-menthol-by-rodeo-ultra-100ml,https://vapeshop.co.uk/products/mega-melons-by-rodeo-ultra-100ml,,
vapeshop.co.uk,rodeo custanilla short fill - 100ml,rodeo,shortfill,0,,,11.99,1,Rodeo Custanilla Short Fill - 100ml,https://vapeshop.co.uk/products/rodeo-custanilla,,,
vapeshop.co.uk,ultd kpg shortfill - 50ml,ultd,shortfill,0,,,9.99,1,ULTD KPG Shortfill - 50ml,https://vapeshop.co.uk/products/ultd-kpg-shortfill-50ml,,,
vapeshop.co.uk,By Vape District 100Ml,vape district,shortfill,9,blackcurrant; caribbean whizz; grape; guava pineapple; kiwi watermelon; lychee ice; pineapple mango; pink lemon ice; vanilla glaze,,11.99,9,Lychee Ice by Vape District 100ml,https://vapeshop.co.uk/products/lychee-ice-by-vape-district-100ml,https://vapeshop.co.uk/products/pink-lemon-ice-by-vape-district-100ml https://vapeshop.co.uk/products/caribbean-whizz-by-vape-district-100ml https://vapeshop.co.uk/products/guava-pineapple-by-vape-district-100ml,,
vapeshop.co.uk,aspire revvo tank,aspire,tank,0,,colour: black,15.19,1,Aspire Revvo Tank,https://vapeshop.co.uk/products/aspire-revvo-tank,,,
vapeshop.co.uk,vaporesso xtank pod,vaporesso,tank,0,,colour: gunmetal,4.69,1,Vaporesso xTank Pod,https://vapeshop.co.uk/products/vaporesso-xtank-pod,,,
